O_.POETSHardwareOneBox.ocfg.LoneBox.B00.M00.C0.T00,O_.PlateHeat.plate_33x33.c_0_1
O_.POETSHardwareOneBox.ocfg.LoneBox.B00.M00.C0.T01,O_.PlateHeat.plate_33x33.c_11_20
O_.POETSHardwareOneBox.ocfg.LoneBox.B00.M00.C0.T02,O_.PlateHeat.plate_33x33.c_23_6
O_.POETSHardwareOneBox.ocfg.LoneBox.B00.M00.C1.T00,O_.PlateHeat.plate_33x33.c_0_2
O_.POETSHardwareOneBox.ocfg.LoneBox.B00.M00.C1.T01,O_.PlateHeat.plate_33x33.c_11_21
O_.POETSHardwareOneBox.ocfg.LoneBox.B00.M00.C1.T02,O_.PlateHeat.plate_33x33.c_23_7
O_.POETSHardwareOneBox.ocfg.LoneBox.B00.M00.C2.T00,O_.PlateHeat.plate_33x33.c_0_3
O_.POETSHardwareOneBox.ocfg.LoneBox.B00.M00.C2.T01,O_.PlateHeat.plate_33x33.c_11_22
O_.POETSHardwareOneBox.ocfg.LoneBox.B00.M00.C2.T02,O_.PlateHeat.plate_33x33.c_23_8
O_.POETSHardwareOneBox.ocfg.LoneBox.B00.M00.C3.T00,O_.PlateHeat.plate_33x33.c_0_4
O_.POETSHardwareOneBox.ocfg.LoneBox.B00.M00.C3.T01,O_.PlateHeat.plate_33x33.c_11_23
O_.POETSHardwareOneBox.ocfg.LoneBox.B00.M00.C3.T02,O_.PlateHeat.plate_33x33.c_23_9
O_.POETSHardwareOneBox.ocfg.LoneBox.B00.M01.C0.T00,O_.PlateHeat.plate_33x33.c_0_5
O_.POETSHardwareOneBox.ocfg.LoneBox.B00.M01.C0.T01,O_.PlateHeat.plate_33x33.c_11_24
O_.POETSHardwareOneBox.ocfg.LoneBox.B00.M01.C0.T02,O_.PlateHeat.plate_33x33.c_23_10
O_.POETSHardwareOneBox.ocfg.LoneBox.B00.M01.C1.T00,O_.PlateHeat.plate_33x33.c_0_6
O_.POETSHardwareOneBox.ocfg.LoneBox.B00.M01.C1.T01,O_.PlateHeat.plate_33x33.c_11_25
O_.POETSHardwareOneBox.ocfg.LoneBox.B00.M01.C1.T02,O_.PlateHeat.plate_33x33.c_23_11
O_.POETSHardwareOneBox.ocfg.LoneBox.B00.M01.C2.T00,O_.PlateHeat.plate_33x33.c_0_7
O_.POETSHardwareOneBox.ocfg.LoneBox.B00.M01.C2.T01,O_.PlateHeat.plate_33x33.c_11_26
O_.POETSHardwareOneBox.ocfg.LoneBox.B00.M01.C2.T02,O_.PlateHeat.plate_33x33.c_23_12
O_.POETSHardwareOneBox.ocfg.LoneBox.B00.M01.C3.T00,O_.PlateHeat.plate_33x33.c_0_8
O_.POETSHardwareOneBox.ocfg.LoneBox.B00.M01.C3.T01,O_.PlateHeat.plate_33x33.c_11_27
O_.POETSHardwareOneBox.ocfg.LoneBox.B00.M01.C3.T02,O_.PlateHeat.plate_33x33.c_23_13
O_.POETSHardwareOneBox.ocfg.LoneBox.B00.M02.C0.T00,O_.PlateHeat.plate_33x33.c_0_9
O_.POETSHardwareOneBox.ocfg.LoneBox.B00.M02.C0.T01,O_.PlateHeat.plate_33x33.c_11_28
O_.POETSHardwareOneBox.ocfg.LoneBox.B00.M02.C0.T02,O_.PlateHeat.plate_33x33.c_23_14
O_.POETSHardwareOneBox.ocfg.LoneBox.B00.M02.C1.T00,O_.PlateHeat.plate_33x33.c_0_10
O_.POETSHardwareOneBox.ocfg.LoneBox.B00.M02.C1.T01,O_.PlateHeat.plate_33x33.c_11_29
O_.POETSHardwareOneBox.ocfg.LoneBox.B00.M02.C1.T02,O_.PlateHeat.plate_33x33.c_23_15
O_.POETSHardwareOneBox.ocfg.LoneBox.B00.M02.C2.T00,O_.PlateHeat.plate_33x33.c_0_11
O_.POETSHardwareOneBox.ocfg.LoneBox.B00.M02.C2.T01,O_.PlateHeat.plate_33x33.c_11_30
O_.POETSHardwareOneBox.ocfg.LoneBox.B00.M02.C2.T02,O_.PlateHeat.plate_33x33.c_23_16
O_.POETSHardwareOneBox.ocfg.LoneBox.B00.M02.C3.T00,O_.PlateHeat.plate_33x33.c_0_12
O_.POETSHardwareOneBox.ocfg.LoneBox.B00.M02.C3.T01,O_.PlateHeat.plate_33x33.c_11_31
O_.POETSHardwareOneBox.ocfg.LoneBox.B00.M02.C3.T02,O_.PlateHeat.plate_33x33.c_23_17
O_.POETSHardwareOneBox.ocfg.LoneBox.B00.M03.C0.T00,O_.PlateHeat.plate_33x33.c_0_13
O_.POETSHardwareOneBox.ocfg.LoneBox.B00.M03.C0.T01,O_.PlateHeat.plate_33x33.c_11_32
O_.POETSHardwareOneBox.ocfg.LoneBox.B00.M03.C0.T02,O_.PlateHeat.plate_33x33.c_23_18
O_.POETSHardwareOneBox.ocfg.LoneBox.B00.M03.C1.T00,O_.PlateHeat.plate_33x33.c_0_14
O_.POETSHardwareOneBox.ocfg.LoneBox.B00.M03.C1.T01,O_.PlateHeat.plate_33x33.c_12_0
O_.POETSHardwareOneBox.ocfg.LoneBox.B00.M03.C1.T02,O_.PlateHeat.plate_33x33.c_23_19
O_.POETSHardwareOneBox.ocfg.LoneBox.B00.M03.C2.T00,O_.PlateHeat.plate_33x33.c_0_15
O_.POETSHardwareOneBox.ocfg.LoneBox.B00.M03.C2.T01,O_.PlateHeat.plate_33x33.c_12_1
O_.POETSHardwareOneBox.ocfg.LoneBox.B00.M03.C2.T02,O_.PlateHeat.plate_33x33.c_23_20
O_.POETSHardwareOneBox.ocfg.LoneBox.B00.M03.C3.T00,O_.PlateHeat.plate_33x33.c_0_16
O_.POETSHardwareOneBox.ocfg.LoneBox.B00.M03.C3.T01,O_.PlateHeat.plate_33x33.c_12_2
O_.POETSHardwareOneBox.ocfg.LoneBox.B00.M03.C3.T02,O_.PlateHeat.plate_33x33.c_23_21
O_.POETSHardwareOneBox.ocfg.LoneBox.B00.M10.C0.T00,O_.PlateHeat.plate_33x33.c_0_17
O_.POETSHardwareOneBox.ocfg.LoneBox.B00.M10.C0.T01,O_.PlateHeat.plate_33x33.c_12_3
O_.POETSHardwareOneBox.ocfg.LoneBox.B00.M10.C0.T02,O_.PlateHeat.plate_33x33.c_23_22
O_.POETSHardwareOneBox.ocfg.LoneBox.B00.M10.C1.T00,O_.PlateHeat.plate_33x33.c_0_18
O_.POETSHardwareOneBox.ocfg.LoneBox.B00.M10.C1.T01,O_.PlateHeat.plate_33x33.c_12_4
O_.POETSHardwareOneBox.ocfg.LoneBox.B00.M10.C1.T02,O_.PlateHeat.plate_33x33.c_23_23
O_.POETSHardwareOneBox.ocfg.LoneBox.B00.M10.C2.T00,O_.PlateHeat.plate_33x33.c_0_19
O_.POETSHardwareOneBox.ocfg.LoneBox.B00.M10.C2.T01,O_.PlateHeat.plate_33x33.c_12_5
O_.POETSHardwareOneBox.ocfg.LoneBox.B00.M10.C2.T02,O_.PlateHeat.plate_33x33.c_23_24
O_.POETSHardwareOneBox.ocfg.LoneBox.B00.M10.C3.T00,O_.PlateHeat.plate_33x33.c_0_20
O_.POETSHardwareOneBox.ocfg.LoneBox.B00.M10.C3.T01,O_.PlateHeat.plate_33x33.c_12_6
O_.POETSHardwareOneBox.ocfg.LoneBox.B00.M10.C3.T02,O_.PlateHeat.plate_33x33.c_23_25
O_.POETSHardwareOneBox.ocfg.LoneBox.B00.M11.C0.T00,O_.PlateHeat.plate_33x33.c_0_21
O_.POETSHardwareOneBox.ocfg.LoneBox.B00.M11.C0.T01,O_.PlateHeat.plate_33x33.c_12_7
O_.POETSHardwareOneBox.ocfg.LoneBox.B00.M11.C0.T02,O_.PlateHeat.plate_33x33.c_23_26
O_.POETSHardwareOneBox.ocfg.LoneBox.B00.M11.C1.T00,O_.PlateHeat.plate_33x33.c_0_22
O_.POETSHardwareOneBox.ocfg.LoneBox.B00.M11.C1.T01,O_.PlateHeat.plate_33x33.c_12_8
O_.POETSHardwareOneBox.ocfg.LoneBox.B00.M11.C1.T02,O_.PlateHeat.plate_33x33.c_23_27
O_.POETSHardwareOneBox.ocfg.LoneBox.B00.M11.C2.T00,O_.PlateHeat.plate_33x33.c_0_23
O_.POETSHardwareOneBox.ocfg.LoneBox.B00.M11.C2.T01,O_.PlateHeat.plate_33x33.c_12_9
O_.POETSHardwareOneBox.ocfg.LoneBox.B00.M11.C2.T02,O_.PlateHeat.plate_33x33.c_23_28
O_.POETSHardwareOneBox.ocfg.LoneBox.B00.M11.C3.T00,O_.PlateHeat.plate_33x33.c_0_24
O_.POETSHardwareOneBox.ocfg.LoneBox.B00.M11.C3.T01,O_.PlateHeat.plate_33x33.c_12_10
O_.POETSHardwareOneBox.ocfg.LoneBox.B00.M11.C3.T02,O_.PlateHeat.plate_33x33.c_23_29
O_.POETSHardwareOneBox.ocfg.LoneBox.B00.M12.C0.T00,O_.PlateHeat.plate_33x33.c_0_25
O_.POETSHardwareOneBox.ocfg.LoneBox.B00.M12.C0.T01,O_.PlateHeat.plate_33x33.c_12_11
O_.POETSHardwareOneBox.ocfg.LoneBox.B00.M12.C0.T02,O_.PlateHeat.plate_33x33.c_23_30
O_.POETSHardwareOneBox.ocfg.LoneBox.B00.M12.C1.T00,O_.PlateHeat.plate_33x33.c_0_26
O_.POETSHardwareOneBox.ocfg.LoneBox.B00.M12.C1.T01,O_.PlateHeat.plate_33x33.c_12_12
O_.POETSHardwareOneBox.ocfg.LoneBox.B00.M12.C1.T02,O_.PlateHeat.plate_33x33.c_23_31
O_.POETSHardwareOneBox.ocfg.LoneBox.B00.M12.C2.T00,O_.PlateHeat.plate_33x33.c_0_27
O_.POETSHardwareOneBox.ocfg.LoneBox.B00.M12.C2.T01,O_.PlateHeat.plate_33x33.c_12_13
O_.POETSHardwareOneBox.ocfg.LoneBox.B00.M12.C2.T02,O_.PlateHeat.plate_33x33.c_23_32
O_.POETSHardwareOneBox.ocfg.LoneBox.B00.M12.C3.T00,O_.PlateHeat.plate_33x33.c_0_28
O_.POETSHardwareOneBox.ocfg.LoneBox.B00.M12.C3.T01,O_.PlateHeat.plate_33x33.c_12_14
O_.POETSHardwareOneBox.ocfg.LoneBox.B00.M12.C3.T02,O_.PlateHeat.plate_33x33.c_24_0
O_.POETSHardwareOneBox.ocfg.LoneBox.B00.M13.C0.T00,O_.PlateHeat.plate_33x33.c_0_29
O_.POETSHardwareOneBox.ocfg.LoneBox.B00.M13.C0.T01,O_.PlateHeat.plate_33x33.c_12_15
O_.POETSHardwareOneBox.ocfg.LoneBox.B00.M13.C0.T02,O_.PlateHeat.plate_33x33.c_24_1
O_.POETSHardwareOneBox.ocfg.LoneBox.B00.M13.C1.T00,O_.PlateHeat.plate_33x33.c_0_30
O_.POETSHardwareOneBox.ocfg.LoneBox.B00.M13.C1.T01,O_.PlateHeat.plate_33x33.c_12_16
O_.POETSHardwareOneBox.ocfg.LoneBox.B00.M13.C1.T02,O_.PlateHeat.plate_33x33.c_24_2
O_.POETSHardwareOneBox.ocfg.LoneBox.B00.M13.C2.T00,O_.PlateHeat.plate_33x33.c_0_31
O_.POETSHardwareOneBox.ocfg.LoneBox.B00.M13.C2.T01,O_.PlateHeat.plate_33x33.c_12_17
O_.POETSHardwareOneBox.ocfg.LoneBox.B00.M13.C2.T02,O_.PlateHeat.plate_33x33.c_24_3
O_.POETSHardwareOneBox.ocfg.LoneBox.B00.M13.C3.T00,O_.PlateHeat.plate_33x33.c_0_32
O_.POETSHardwareOneBox.ocfg.LoneBox.B00.M13.C3.T01,O_.PlateHeat.plate_33x33.c_12_18
O_.POETSHardwareOneBox.ocfg.LoneBox.B00.M13.C3.T02,O_.PlateHeat.plate_33x33.c_24_4
O_.POETSHardwareOneBox.ocfg.LoneBox.B00.M20.C0.T00,O_.PlateHeat.plate_33x33.c_1_0
O_.POETSHardwareOneBox.ocfg.LoneBox.B00.M20.C0.T01,O_.PlateHeat.plate_33x33.c_12_19
O_.POETSHardwareOneBox.ocfg.LoneBox.B00.M20.C0.T02,O_.PlateHeat.plate_33x33.c_24_5
O_.POETSHardwareOneBox.ocfg.LoneBox.B00.M20.C1.T00,O_.PlateHeat.plate_33x33.c_1_1
O_.POETSHardwareOneBox.ocfg.LoneBox.B00.M20.C1.T01,O_.PlateHeat.plate_33x33.c_12_20
O_.POETSHardwareOneBox.ocfg.LoneBox.B00.M20.C1.T02,O_.PlateHeat.plate_33x33.c_24_6
O_.POETSHardwareOneBox.ocfg.LoneBox.B00.M20.C2.T00,O_.PlateHeat.plate_33x33.c_1_2
O_.POETSHardwareOneBox.ocfg.LoneBox.B00.M20.C2.T01,O_.PlateHeat.plate_33x33.c_12_21
O_.POETSHardwareOneBox.ocfg.LoneBox.B00.M20.C2.T02,O_.PlateHeat.plate_33x33.c_24_7
O_.POETSHardwareOneBox.ocfg.LoneBox.B00.M20.C3.T00,O_.PlateHeat.plate_33x33.c_1_3
O_.POETSHardwareOneBox.ocfg.LoneBox.B00.M20.C3.T01,O_.PlateHeat.plate_33x33.c_12_22
O_.POETSHardwareOneBox.ocfg.LoneBox.B00.M20.C3.T02,O_.PlateHeat.plate_33x33.c_24_8
O_.POETSHardwareOneBox.ocfg.LoneBox.B00.M21.C0.T00,O_.PlateHeat.plate_33x33.c_1_4
O_.POETSHardwareOneBox.ocfg.LoneBox.B00.M21.C0.T01,O_.PlateHeat.plate_33x33.c_12_23
O_.POETSHardwareOneBox.ocfg.LoneBox.B00.M21.C0.T02,O_.PlateHeat.plate_33x33.c_24_9
O_.POETSHardwareOneBox.ocfg.LoneBox.B00.M21.C1.T00,O_.PlateHeat.plate_33x33.c_1_5
O_.POETSHardwareOneBox.ocfg.LoneBox.B00.M21.C1.T01,O_.PlateHeat.plate_33x33.c_12_24
O_.POETSHardwareOneBox.ocfg.LoneBox.B00.M21.C1.T02,O_.PlateHeat.plate_33x33.c_24_10
O_.POETSHardwareOneBox.ocfg.LoneBox.B00.M21.C2.T00,O_.PlateHeat.plate_33x33.c_1_6
O_.POETSHardwareOneBox.ocfg.LoneBox.B00.M21.C2.T01,O_.PlateHeat.plate_33x33.c_12_25
O_.POETSHardwareOneBox.ocfg.LoneBox.B00.M21.C2.T02,O_.PlateHeat.plate_33x33.c_24_11
O_.POETSHardwareOneBox.ocfg.LoneBox.B00.M21.C3.T00,O_.PlateHeat.plate_33x33.c_1_7
O_.POETSHardwareOneBox.ocfg.LoneBox.B00.M21.C3.T01,O_.PlateHeat.plate_33x33.c_12_26
O_.POETSHardwareOneBox.ocfg.LoneBox.B00.M21.C3.T02,O_.PlateHeat.plate_33x33.c_24_12
O_.POETSHardwareOneBox.ocfg.LoneBox.B00.M22.C0.T00,O_.PlateHeat.plate_33x33.c_1_8
O_.POETSHardwareOneBox.ocfg.LoneBox.B00.M22.C0.T01,O_.PlateHeat.plate_33x33.c_12_27
O_.POETSHardwareOneBox.ocfg.LoneBox.B00.M22.C0.T02,O_.PlateHeat.plate_33x33.c_24_13
O_.POETSHardwareOneBox.ocfg.LoneBox.B00.M22.C1.T00,O_.PlateHeat.plate_33x33.c_1_9
O_.POETSHardwareOneBox.ocfg.LoneBox.B00.M22.C1.T01,O_.PlateHeat.plate_33x33.c_12_28
O_.POETSHardwareOneBox.ocfg.LoneBox.B00.M22.C1.T02,O_.PlateHeat.plate_33x33.c_24_14
O_.POETSHardwareOneBox.ocfg.LoneBox.B00.M22.C2.T00,O_.PlateHeat.plate_33x33.c_1_10
O_.POETSHardwareOneBox.ocfg.LoneBox.B00.M22.C2.T01,O_.PlateHeat.plate_33x33.c_12_29
O_.POETSHardwareOneBox.ocfg.LoneBox.B00.M22.C2.T02,O_.PlateHeat.plate_33x33.c_24_15
O_.POETSHardwareOneBox.ocfg.LoneBox.B00.M22.C3.T00,O_.PlateHeat.plate_33x33.c_1_11
O_.POETSHardwareOneBox.ocfg.LoneBox.B00.M22.C3.T01,O_.PlateHeat.plate_33x33.c_12_30
O_.POETSHardwareOneBox.ocfg.LoneBox.B00.M22.C3.T02,O_.PlateHeat.plate_33x33.c_24_16
O_.POETSHardwareOneBox.ocfg.LoneBox.B00.M23.C0.T00,O_.PlateHeat.plate_33x33.c_1_12
O_.POETSHardwareOneBox.ocfg.LoneBox.B00.M23.C0.T01,O_.PlateHeat.plate_33x33.c_12_31
O_.POETSHardwareOneBox.ocfg.LoneBox.B00.M23.C0.T02,O_.PlateHeat.plate_33x33.c_24_17
O_.POETSHardwareOneBox.ocfg.LoneBox.B00.M23.C1.T00,O_.PlateHeat.plate_33x33.c_1_13
O_.POETSHardwareOneBox.ocfg.LoneBox.B00.M23.C1.T01,O_.PlateHeat.plate_33x33.c_12_32
O_.POETSHardwareOneBox.ocfg.LoneBox.B00.M23.C1.T02,O_.PlateHeat.plate_33x33.c_24_18
O_.POETSHardwareOneBox.ocfg.LoneBox.B00.M23.C2.T00,O_.PlateHeat.plate_33x33.c_1_14
O_.POETSHardwareOneBox.ocfg.LoneBox.B00.M23.C2.T01,O_.PlateHeat.plate_33x33.c_13_0
O_.POETSHardwareOneBox.ocfg.LoneBox.B00.M23.C2.T02,O_.PlateHeat.plate_33x33.c_24_19
O_.POETSHardwareOneBox.ocfg.LoneBox.B00.M23.C3.T00,O_.PlateHeat.plate_33x33.c_1_15
O_.POETSHardwareOneBox.ocfg.LoneBox.B00.M23.C3.T01,O_.PlateHeat.plate_33x33.c_13_1
O_.POETSHardwareOneBox.ocfg.LoneBox.B00.M23.C3.T02,O_.PlateHeat.plate_33x33.c_24_20
O_.POETSHardwareOneBox.ocfg.LoneBox.B00.M30.C0.T00,O_.PlateHeat.plate_33x33.c_1_16
O_.POETSHardwareOneBox.ocfg.LoneBox.B00.M30.C0.T01,O_.PlateHeat.plate_33x33.c_13_2
O_.POETSHardwareOneBox.ocfg.LoneBox.B00.M30.C0.T02,O_.PlateHeat.plate_33x33.c_24_21
O_.POETSHardwareOneBox.ocfg.LoneBox.B00.M30.C1.T00,O_.PlateHeat.plate_33x33.c_1_17
O_.POETSHardwareOneBox.ocfg.LoneBox.B00.M30.C1.T01,O_.PlateHeat.plate_33x33.c_13_3
O_.POETSHardwareOneBox.ocfg.LoneBox.B00.M30.C1.T02,O_.PlateHeat.plate_33x33.c_24_22
O_.POETSHardwareOneBox.ocfg.LoneBox.B00.M30.C2.T00,O_.PlateHeat.plate_33x33.c_1_18
O_.POETSHardwareOneBox.ocfg.LoneBox.B00.M30.C2.T01,O_.PlateHeat.plate_33x33.c_13_4
O_.POETSHardwareOneBox.ocfg.LoneBox.B00.M30.C2.T02,O_.PlateHeat.plate_33x33.c_24_23
O_.POETSHardwareOneBox.ocfg.LoneBox.B00.M30.C3.T00,O_.PlateHeat.plate_33x33.c_1_19
O_.POETSHardwareOneBox.ocfg.LoneBox.B00.M30.C3.T01,O_.PlateHeat.plate_33x33.c_13_5
O_.POETSHardwareOneBox.ocfg.LoneBox.B00.M30.C3.T02,O_.PlateHeat.plate_33x33.c_24_24
O_.POETSHardwareOneBox.ocfg.LoneBox.B00.M31.C0.T00,O_.PlateHeat.plate_33x33.c_1_20
O_.POETSHardwareOneBox.ocfg.LoneBox.B00.M31.C0.T01,O_.PlateHeat.plate_33x33.c_13_6
O_.POETSHardwareOneBox.ocfg.LoneBox.B00.M31.C0.T02,O_.PlateHeat.plate_33x33.c_24_25
O_.POETSHardwareOneBox.ocfg.LoneBox.B00.M31.C1.T00,O_.PlateHeat.plate_33x33.c_1_21
O_.POETSHardwareOneBox.ocfg.LoneBox.B00.M31.C1.T01,O_.PlateHeat.plate_33x33.c_13_7
O_.POETSHardwareOneBox.ocfg.LoneBox.B00.M31.C1.T02,O_.PlateHeat.plate_33x33.c_24_26
O_.POETSHardwareOneBox.ocfg.LoneBox.B00.M31.C2.T00,O_.PlateHeat.plate_33x33.c_1_22
O_.POETSHardwareOneBox.ocfg.LoneBox.B00.M31.C2.T01,O_.PlateHeat.plate_33x33.c_13_8
O_.POETSHardwareOneBox.ocfg.LoneBox.B00.M31.C2.T02,O_.PlateHeat.plate_33x33.c_24_27
O_.POETSHardwareOneBox.ocfg.LoneBox.B00.M31.C3.T00,O_.PlateHeat.plate_33x33.c_1_23
O_.POETSHardwareOneBox.ocfg.LoneBox.B00.M31.C3.T01,O_.PlateHeat.plate_33x33.c_13_9
O_.POETSHardwareOneBox.ocfg.LoneBox.B00.M31.C3.T02,O_.PlateHeat.plate_33x33.c_24_28
O_.POETSHardwareOneBox.ocfg.LoneBox.B00.M32.C0.T00,O_.PlateHeat.plate_33x33.c_1_24
O_.POETSHardwareOneBox.ocfg.LoneBox.B00.M32.C0.T01,O_.PlateHeat.plate_33x33.c_13_10
O_.POETSHardwareOneBox.ocfg.LoneBox.B00.M32.C0.T02,O_.PlateHeat.plate_33x33.c_24_29
O_.POETSHardwareOneBox.ocfg.LoneBox.B00.M32.C1.T00,O_.PlateHeat.plate_33x33.c_1_25
O_.POETSHardwareOneBox.ocfg.LoneBox.B00.M32.C1.T01,O_.PlateHeat.plate_33x33.c_13_11
O_.POETSHardwareOneBox.ocfg.LoneBox.B00.M32.C1.T02,O_.PlateHeat.plate_33x33.c_24_30
O_.POETSHardwareOneBox.ocfg.LoneBox.B00.M32.C2.T00,O_.PlateHeat.plate_33x33.c_1_26
O_.POETSHardwareOneBox.ocfg.LoneBox.B00.M32.C2.T01,O_.PlateHeat.plate_33x33.c_13_12
O_.POETSHardwareOneBox.ocfg.LoneBox.B00.M32.C2.T02,O_.PlateHeat.plate_33x33.c_24_31
O_.POETSHardwareOneBox.ocfg.LoneBox.B00.M32.C3.T00,O_.PlateHeat.plate_33x33.c_1_27
O_.POETSHardwareOneBox.ocfg.LoneBox.B00.M32.C3.T01,O_.PlateHeat.plate_33x33.c_13_13
O_.POETSHardwareOneBox.ocfg.LoneBox.B00.M32.C3.T02,O_.PlateHeat.plate_33x33.c_24_32
O_.POETSHardwareOneBox.ocfg.LoneBox.B00.M33.C0.T00,O_.PlateHeat.plate_33x33.c_1_28
O_.POETSHardwareOneBox.ocfg.LoneBox.B00.M33.C0.T01,O_.PlateHeat.plate_33x33.c_13_14
O_.POETSHardwareOneBox.ocfg.LoneBox.B00.M33.C0.T02,O_.PlateHeat.plate_33x33.c_25_0
O_.POETSHardwareOneBox.ocfg.LoneBox.B00.M33.C1.T00,O_.PlateHeat.plate_33x33.c_1_29
O_.POETSHardwareOneBox.ocfg.LoneBox.B00.M33.C1.T01,O_.PlateHeat.plate_33x33.c_13_15
O_.POETSHardwareOneBox.ocfg.LoneBox.B00.M33.C1.T02,O_.PlateHeat.plate_33x33.c_25_1
O_.POETSHardwareOneBox.ocfg.LoneBox.B00.M33.C2.T00,O_.PlateHeat.plate_33x33.c_1_30
O_.POETSHardwareOneBox.ocfg.LoneBox.B00.M33.C2.T01,O_.PlateHeat.plate_33x33.c_13_16
O_.POETSHardwareOneBox.ocfg.LoneBox.B00.M33.C2.T02,O_.PlateHeat.plate_33x33.c_25_2
O_.POETSHardwareOneBox.ocfg.LoneBox.B00.M33.C3.T00,O_.PlateHeat.plate_33x33.c_1_31
O_.POETSHardwareOneBox.ocfg.LoneBox.B00.M33.C3.T01,O_.PlateHeat.plate_33x33.c_13_17
O_.POETSHardwareOneBox.ocfg.LoneBox.B00.M33.C3.T02,O_.PlateHeat.plate_33x33.c_25_3
O_.POETSHardwareOneBox.ocfg.LoneBox.B10.M00.C0.T00,O_.PlateHeat.plate_33x33.c_1_32
O_.POETSHardwareOneBox.ocfg.LoneBox.B10.M00.C0.T01,O_.PlateHeat.plate_33x33.c_13_18
O_.POETSHardwareOneBox.ocfg.LoneBox.B10.M00.C0.T02,O_.PlateHeat.plate_33x33.c_25_4
O_.POETSHardwareOneBox.ocfg.LoneBox.B10.M00.C1.T00,O_.PlateHeat.plate_33x33.c_2_0
O_.POETSHardwareOneBox.ocfg.LoneBox.B10.M00.C1.T01,O_.PlateHeat.plate_33x33.c_13_19
O_.POETSHardwareOneBox.ocfg.LoneBox.B10.M00.C1.T02,O_.PlateHeat.plate_33x33.c_25_5
O_.POETSHardwareOneBox.ocfg.LoneBox.B10.M00.C2.T00,O_.PlateHeat.plate_33x33.c_2_1
O_.POETSHardwareOneBox.ocfg.LoneBox.B10.M00.C2.T01,O_.PlateHeat.plate_33x33.c_13_20
O_.POETSHardwareOneBox.ocfg.LoneBox.B10.M00.C2.T02,O_.PlateHeat.plate_33x33.c_25_6
O_.POETSHardwareOneBox.ocfg.LoneBox.B10.M00.C3.T00,O_.PlateHeat.plate_33x33.c_2_2
O_.POETSHardwareOneBox.ocfg.LoneBox.B10.M00.C3.T01,O_.PlateHeat.plate_33x33.c_13_21
O_.POETSHardwareOneBox.ocfg.LoneBox.B10.M00.C3.T02,O_.PlateHeat.plate_33x33.c_25_7
O_.POETSHardwareOneBox.ocfg.LoneBox.B10.M01.C0.T00,O_.PlateHeat.plate_33x33.c_2_3
O_.POETSHardwareOneBox.ocfg.LoneBox.B10.M01.C0.T01,O_.PlateHeat.plate_33x33.c_13_22
O_.POETSHardwareOneBox.ocfg.LoneBox.B10.M01.C0.T02,O_.PlateHeat.plate_33x33.c_25_8
O_.POETSHardwareOneBox.ocfg.LoneBox.B10.M01.C1.T00,O_.PlateHeat.plate_33x33.c_2_4
O_.POETSHardwareOneBox.ocfg.LoneBox.B10.M01.C1.T01,O_.PlateHeat.plate_33x33.c_13_23
O_.POETSHardwareOneBox.ocfg.LoneBox.B10.M01.C1.T02,O_.PlateHeat.plate_33x33.c_25_9
O_.POETSHardwareOneBox.ocfg.LoneBox.B10.M01.C2.T00,O_.PlateHeat.plate_33x33.c_2_5
O_.POETSHardwareOneBox.ocfg.LoneBox.B10.M01.C2.T01,O_.PlateHeat.plate_33x33.c_13_24
O_.POETSHardwareOneBox.ocfg.LoneBox.B10.M01.C2.T02,O_.PlateHeat.plate_33x33.c_25_10
O_.POETSHardwareOneBox.ocfg.LoneBox.B10.M01.C3.T00,O_.PlateHeat.plate_33x33.c_2_6
O_.POETSHardwareOneBox.ocfg.LoneBox.B10.M01.C3.T01,O_.PlateHeat.plate_33x33.c_13_25
O_.POETSHardwareOneBox.ocfg.LoneBox.B10.M01.C3.T02,O_.PlateHeat.plate_33x33.c_25_11
O_.POETSHardwareOneBox.ocfg.LoneBox.B10.M02.C0.T00,O_.PlateHeat.plate_33x33.c_2_7
O_.POETSHardwareOneBox.ocfg.LoneBox.B10.M02.C0.T01,O_.PlateHeat.plate_33x33.c_13_26
O_.POETSHardwareOneBox.ocfg.LoneBox.B10.M02.C0.T02,O_.PlateHeat.plate_33x33.c_25_12
O_.POETSHardwareOneBox.ocfg.LoneBox.B10.M02.C1.T00,O_.PlateHeat.plate_33x33.c_2_8
O_.POETSHardwareOneBox.ocfg.LoneBox.B10.M02.C1.T01,O_.PlateHeat.plate_33x33.c_13_27
O_.POETSHardwareOneBox.ocfg.LoneBox.B10.M02.C1.T02,O_.PlateHeat.plate_33x33.c_25_13
O_.POETSHardwareOneBox.ocfg.LoneBox.B10.M02.C2.T00,O_.PlateHeat.plate_33x33.c_2_9
O_.POETSHardwareOneBox.ocfg.LoneBox.B10.M02.C2.T01,O_.PlateHeat.plate_33x33.c_13_28
O_.POETSHardwareOneBox.ocfg.LoneBox.B10.M02.C2.T02,O_.PlateHeat.plate_33x33.c_25_14
O_.POETSHardwareOneBox.ocfg.LoneBox.B10.M02.C3.T00,O_.PlateHeat.plate_33x33.c_2_10
O_.POETSHardwareOneBox.ocfg.LoneBox.B10.M02.C3.T01,O_.PlateHeat.plate_33x33.c_13_29
O_.POETSHardwareOneBox.ocfg.LoneBox.B10.M02.C3.T02,O_.PlateHeat.plate_33x33.c_25_15
O_.POETSHardwareOneBox.ocfg.LoneBox.B10.M03.C0.T00,O_.PlateHeat.plate_33x33.c_2_11
O_.POETSHardwareOneBox.ocfg.LoneBox.B10.M03.C0.T01,O_.PlateHeat.plate_33x33.c_13_30
O_.POETSHardwareOneBox.ocfg.LoneBox.B10.M03.C0.T02,O_.PlateHeat.plate_33x33.c_25_16
O_.POETSHardwareOneBox.ocfg.LoneBox.B10.M03.C1.T00,O_.PlateHeat.plate_33x33.c_2_12
O_.POETSHardwareOneBox.ocfg.LoneBox.B10.M03.C1.T01,O_.PlateHeat.plate_33x33.c_13_31
O_.POETSHardwareOneBox.ocfg.LoneBox.B10.M03.C1.T02,O_.PlateHeat.plate_33x33.c_25_17
O_.POETSHardwareOneBox.ocfg.LoneBox.B10.M03.C2.T00,O_.PlateHeat.plate_33x33.c_2_13
O_.POETSHardwareOneBox.ocfg.LoneBox.B10.M03.C2.T01,O_.PlateHeat.plate_33x33.c_13_32
O_.POETSHardwareOneBox.ocfg.LoneBox.B10.M03.C2.T02,O_.PlateHeat.plate_33x33.c_25_18
O_.POETSHardwareOneBox.ocfg.LoneBox.B10.M03.C3.T00,O_.PlateHeat.plate_33x33.c_2_14
O_.POETSHardwareOneBox.ocfg.LoneBox.B10.M03.C3.T01,O_.PlateHeat.plate_33x33.c_14_0
O_.POETSHardwareOneBox.ocfg.LoneBox.B10.M03.C3.T02,O_.PlateHeat.plate_33x33.c_25_19
O_.POETSHardwareOneBox.ocfg.LoneBox.B10.M10.C0.T00,O_.PlateHeat.plate_33x33.c_2_15
O_.POETSHardwareOneBox.ocfg.LoneBox.B10.M10.C0.T01,O_.PlateHeat.plate_33x33.c_14_1
O_.POETSHardwareOneBox.ocfg.LoneBox.B10.M10.C0.T02,O_.PlateHeat.plate_33x33.c_25_20
O_.POETSHardwareOneBox.ocfg.LoneBox.B10.M10.C1.T00,O_.PlateHeat.plate_33x33.c_2_16
O_.POETSHardwareOneBox.ocfg.LoneBox.B10.M10.C1.T01,O_.PlateHeat.plate_33x33.c_14_2
O_.POETSHardwareOneBox.ocfg.LoneBox.B10.M10.C1.T02,O_.PlateHeat.plate_33x33.c_25_21
O_.POETSHardwareOneBox.ocfg.LoneBox.B10.M10.C2.T00,O_.PlateHeat.plate_33x33.c_2_17
O_.POETSHardwareOneBox.ocfg.LoneBox.B10.M10.C2.T01,O_.PlateHeat.plate_33x33.c_14_3
O_.POETSHardwareOneBox.ocfg.LoneBox.B10.M10.C2.T02,O_.PlateHeat.plate_33x33.c_25_22
O_.POETSHardwareOneBox.ocfg.LoneBox.B10.M10.C3.T00,O_.PlateHeat.plate_33x33.c_2_18
O_.POETSHardwareOneBox.ocfg.LoneBox.B10.M10.C3.T01,O_.PlateHeat.plate_33x33.c_14_4
O_.POETSHardwareOneBox.ocfg.LoneBox.B10.M10.C3.T02,O_.PlateHeat.plate_33x33.c_25_23
O_.POETSHardwareOneBox.ocfg.LoneBox.B10.M11.C0.T00,O_.PlateHeat.plate_33x33.c_2_19
O_.POETSHardwareOneBox.ocfg.LoneBox.B10.M11.C0.T01,O_.PlateHeat.plate_33x33.c_14_5
O_.POETSHardwareOneBox.ocfg.LoneBox.B10.M11.C0.T02,O_.PlateHeat.plate_33x33.c_25_24
O_.POETSHardwareOneBox.ocfg.LoneBox.B10.M11.C1.T00,O_.PlateHeat.plate_33x33.c_2_20
O_.POETSHardwareOneBox.ocfg.LoneBox.B10.M11.C1.T01,O_.PlateHeat.plate_33x33.c_14_6
O_.POETSHardwareOneBox.ocfg.LoneBox.B10.M11.C1.T02,O_.PlateHeat.plate_33x33.c_25_25
O_.POETSHardwareOneBox.ocfg.LoneBox.B10.M11.C2.T00,O_.PlateHeat.plate_33x33.c_2_21
O_.POETSHardwareOneBox.ocfg.LoneBox.B10.M11.C2.T01,O_.PlateHeat.plate_33x33.c_14_7
O_.POETSHardwareOneBox.ocfg.LoneBox.B10.M11.C2.T02,O_.PlateHeat.plate_33x33.c_25_26
O_.POETSHardwareOneBox.ocfg.LoneBox.B10.M11.C3.T00,O_.PlateHeat.plate_33x33.c_2_22
O_.POETSHardwareOneBox.ocfg.LoneBox.B10.M11.C3.T01,O_.PlateHeat.plate_33x33.c_14_8
O_.POETSHardwareOneBox.ocfg.LoneBox.B10.M11.C3.T02,O_.PlateHeat.plate_33x33.c_25_27
O_.POETSHardwareOneBox.ocfg.LoneBox.B10.M12.C0.T00,O_.PlateHeat.plate_33x33.c_2_23
O_.POETSHardwareOneBox.ocfg.LoneBox.B10.M12.C0.T01,O_.PlateHeat.plate_33x33.c_14_9
O_.POETSHardwareOneBox.ocfg.LoneBox.B10.M12.C0.T02,O_.PlateHeat.plate_33x33.c_25_28
O_.POETSHardwareOneBox.ocfg.LoneBox.B10.M12.C1.T00,O_.PlateHeat.plate_33x33.c_2_24
O_.POETSHardwareOneBox.ocfg.LoneBox.B10.M12.C1.T01,O_.PlateHeat.plate_33x33.c_14_10
O_.POETSHardwareOneBox.ocfg.LoneBox.B10.M12.C1.T02,O_.PlateHeat.plate_33x33.c_25_29
O_.POETSHardwareOneBox.ocfg.LoneBox.B10.M12.C2.T00,O_.PlateHeat.plate_33x33.c_2_25
O_.POETSHardwareOneBox.ocfg.LoneBox.B10.M12.C2.T01,O_.PlateHeat.plate_33x33.c_14_11
O_.POETSHardwareOneBox.ocfg.LoneBox.B10.M12.C2.T02,O_.PlateHeat.plate_33x33.c_25_30
O_.POETSHardwareOneBox.ocfg.LoneBox.B10.M12.C3.T00,O_.PlateHeat.plate_33x33.c_2_26
O_.POETSHardwareOneBox.ocfg.LoneBox.B10.M12.C3.T01,O_.PlateHeat.plate_33x33.c_14_12
O_.POETSHardwareOneBox.ocfg.LoneBox.B10.M12.C3.T02,O_.PlateHeat.plate_33x33.c_25_31
O_.POETSHardwareOneBox.ocfg.LoneBox.B10.M13.C0.T00,O_.PlateHeat.plate_33x33.c_2_27
O_.POETSHardwareOneBox.ocfg.LoneBox.B10.M13.C0.T01,O_.PlateHeat.plate_33x33.c_14_13
O_.POETSHardwareOneBox.ocfg.LoneBox.B10.M13.C0.T02,O_.PlateHeat.plate_33x33.c_25_32
O_.POETSHardwareOneBox.ocfg.LoneBox.B10.M13.C1.T00,O_.PlateHeat.plate_33x33.c_2_28
O_.POETSHardwareOneBox.ocfg.LoneBox.B10.M13.C1.T01,O_.PlateHeat.plate_33x33.c_14_14
O_.POETSHardwareOneBox.ocfg.LoneBox.B10.M13.C1.T02,O_.PlateHeat.plate_33x33.c_26_0
O_.POETSHardwareOneBox.ocfg.LoneBox.B10.M13.C2.T00,O_.PlateHeat.plate_33x33.c_2_29
O_.POETSHardwareOneBox.ocfg.LoneBox.B10.M13.C2.T01,O_.PlateHeat.plate_33x33.c_14_15
O_.POETSHardwareOneBox.ocfg.LoneBox.B10.M13.C2.T02,O_.PlateHeat.plate_33x33.c_26_1
O_.POETSHardwareOneBox.ocfg.LoneBox.B10.M13.C3.T00,O_.PlateHeat.plate_33x33.c_2_30
O_.POETSHardwareOneBox.ocfg.LoneBox.B10.M13.C3.T01,O_.PlateHeat.plate_33x33.c_14_16
O_.POETSHardwareOneBox.ocfg.LoneBox.B10.M13.C3.T02,O_.PlateHeat.plate_33x33.c_26_2
O_.POETSHardwareOneBox.ocfg.LoneBox.B10.M20.C0.T00,O_.PlateHeat.plate_33x33.c_2_31
O_.POETSHardwareOneBox.ocfg.LoneBox.B10.M20.C0.T01,O_.PlateHeat.plate_33x33.c_14_17
O_.POETSHardwareOneBox.ocfg.LoneBox.B10.M20.C0.T02,O_.PlateHeat.plate_33x33.c_26_3
O_.POETSHardwareOneBox.ocfg.LoneBox.B10.M20.C1.T00,O_.PlateHeat.plate_33x33.c_2_32
O_.POETSHardwareOneBox.ocfg.LoneBox.B10.M20.C1.T01,O_.PlateHeat.plate_33x33.c_14_18
O_.POETSHardwareOneBox.ocfg.LoneBox.B10.M20.C1.T02,O_.PlateHeat.plate_33x33.c_26_4
O_.POETSHardwareOneBox.ocfg.LoneBox.B10.M20.C2.T00,O_.PlateHeat.plate_33x33.c_3_0
O_.POETSHardwareOneBox.ocfg.LoneBox.B10.M20.C2.T01,O_.PlateHeat.plate_33x33.c_14_19
O_.POETSHardwareOneBox.ocfg.LoneBox.B10.M20.C2.T02,O_.PlateHeat.plate_33x33.c_26_5
O_.POETSHardwareOneBox.ocfg.LoneBox.B10.M20.C3.T00,O_.PlateHeat.plate_33x33.c_3_1
O_.POETSHardwareOneBox.ocfg.LoneBox.B10.M20.C3.T01,O_.PlateHeat.plate_33x33.c_14_20
O_.POETSHardwareOneBox.ocfg.LoneBox.B10.M20.C3.T02,O_.PlateHeat.plate_33x33.c_26_6
O_.POETSHardwareOneBox.ocfg.LoneBox.B10.M21.C0.T00,O_.PlateHeat.plate_33x33.c_3_2
O_.POETSHardwareOneBox.ocfg.LoneBox.B10.M21.C0.T01,O_.PlateHeat.plate_33x33.c_14_21
O_.POETSHardwareOneBox.ocfg.LoneBox.B10.M21.C0.T02,O_.PlateHeat.plate_33x33.c_26_7
O_.POETSHardwareOneBox.ocfg.LoneBox.B10.M21.C1.T00,O_.PlateHeat.plate_33x33.c_3_3
O_.POETSHardwareOneBox.ocfg.LoneBox.B10.M21.C1.T01,O_.PlateHeat.plate_33x33.c_14_22
O_.POETSHardwareOneBox.ocfg.LoneBox.B10.M21.C1.T02,O_.PlateHeat.plate_33x33.c_26_8
O_.POETSHardwareOneBox.ocfg.LoneBox.B10.M21.C2.T00,O_.PlateHeat.plate_33x33.c_3_4
O_.POETSHardwareOneBox.ocfg.LoneBox.B10.M21.C2.T01,O_.PlateHeat.plate_33x33.c_14_23
O_.POETSHardwareOneBox.ocfg.LoneBox.B10.M21.C2.T02,O_.PlateHeat.plate_33x33.c_26_9
O_.POETSHardwareOneBox.ocfg.LoneBox.B10.M21.C3.T00,O_.PlateHeat.plate_33x33.c_3_5
O_.POETSHardwareOneBox.ocfg.LoneBox.B10.M21.C3.T01,O_.PlateHeat.plate_33x33.c_14_24
O_.POETSHardwareOneBox.ocfg.LoneBox.B10.M21.C3.T02,O_.PlateHeat.plate_33x33.c_26_10
O_.POETSHardwareOneBox.ocfg.LoneBox.B10.M22.C0.T00,O_.PlateHeat.plate_33x33.c_3_6
O_.POETSHardwareOneBox.ocfg.LoneBox.B10.M22.C0.T01,O_.PlateHeat.plate_33x33.c_14_25
O_.POETSHardwareOneBox.ocfg.LoneBox.B10.M22.C0.T02,O_.PlateHeat.plate_33x33.c_26_11
O_.POETSHardwareOneBox.ocfg.LoneBox.B10.M22.C1.T00,O_.PlateHeat.plate_33x33.c_3_7
O_.POETSHardwareOneBox.ocfg.LoneBox.B10.M22.C1.T01,O_.PlateHeat.plate_33x33.c_14_26
O_.POETSHardwareOneBox.ocfg.LoneBox.B10.M22.C1.T02,O_.PlateHeat.plate_33x33.c_26_12
O_.POETSHardwareOneBox.ocfg.LoneBox.B10.M22.C2.T00,O_.PlateHeat.plate_33x33.c_3_8
O_.POETSHardwareOneBox.ocfg.LoneBox.B10.M22.C2.T01,O_.PlateHeat.plate_33x33.c_14_27
O_.POETSHardwareOneBox.ocfg.LoneBox.B10.M22.C2.T02,O_.PlateHeat.plate_33x33.c_26_13
O_.POETSHardwareOneBox.ocfg.LoneBox.B10.M22.C3.T00,O_.PlateHeat.plate_33x33.c_3_9
O_.POETSHardwareOneBox.ocfg.LoneBox.B10.M22.C3.T01,O_.PlateHeat.plate_33x33.c_14_28
O_.POETSHardwareOneBox.ocfg.LoneBox.B10.M22.C3.T02,O_.PlateHeat.plate_33x33.c_26_14
O_.POETSHardwareOneBox.ocfg.LoneBox.B10.M23.C0.T00,O_.PlateHeat.plate_33x33.c_3_10
O_.POETSHardwareOneBox.ocfg.LoneBox.B10.M23.C0.T01,O_.PlateHeat.plate_33x33.c_14_29
O_.POETSHardwareOneBox.ocfg.LoneBox.B10.M23.C0.T02,O_.PlateHeat.plate_33x33.c_26_15
O_.POETSHardwareOneBox.ocfg.LoneBox.B10.M23.C1.T00,O_.PlateHeat.plate_33x33.c_3_11
O_.POETSHardwareOneBox.ocfg.LoneBox.B10.M23.C1.T01,O_.PlateHeat.plate_33x33.c_14_30
O_.POETSHardwareOneBox.ocfg.LoneBox.B10.M23.C1.T02,O_.PlateHeat.plate_33x33.c_26_16
O_.POETSHardwareOneBox.ocfg.LoneBox.B10.M23.C2.T00,O_.PlateHeat.plate_33x33.c_3_12
O_.POETSHardwareOneBox.ocfg.LoneBox.B10.M23.C2.T01,O_.PlateHeat.plate_33x33.c_14_31
O_.POETSHardwareOneBox.ocfg.LoneBox.B10.M23.C2.T02,O_.PlateHeat.plate_33x33.c_26_17
O_.POETSHardwareOneBox.ocfg.LoneBox.B10.M23.C3.T00,O_.PlateHeat.plate_33x33.c_3_13
O_.POETSHardwareOneBox.ocfg.LoneBox.B10.M23.C3.T01,O_.PlateHeat.plate_33x33.c_14_32
O_.POETSHardwareOneBox.ocfg.LoneBox.B10.M23.C3.T02,O_.PlateHeat.plate_33x33.c_26_18
O_.POETSHardwareOneBox.ocfg.LoneBox.B10.M30.C0.T00,O_.PlateHeat.plate_33x33.c_3_14
O_.POETSHardwareOneBox.ocfg.LoneBox.B10.M30.C0.T01,O_.PlateHeat.plate_33x33.c_15_0
O_.POETSHardwareOneBox.ocfg.LoneBox.B10.M30.C0.T02,O_.PlateHeat.plate_33x33.c_26_19
O_.POETSHardwareOneBox.ocfg.LoneBox.B10.M30.C1.T00,O_.PlateHeat.plate_33x33.c_3_15
O_.POETSHardwareOneBox.ocfg.LoneBox.B10.M30.C1.T01,O_.PlateHeat.plate_33x33.c_15_1
O_.POETSHardwareOneBox.ocfg.LoneBox.B10.M30.C1.T02,O_.PlateHeat.plate_33x33.c_26_20
O_.POETSHardwareOneBox.ocfg.LoneBox.B10.M30.C2.T00,O_.PlateHeat.plate_33x33.c_3_16
O_.POETSHardwareOneBox.ocfg.LoneBox.B10.M30.C2.T01,O_.PlateHeat.plate_33x33.c_15_2
O_.POETSHardwareOneBox.ocfg.LoneBox.B10.M30.C2.T02,O_.PlateHeat.plate_33x33.c_26_21
O_.POETSHardwareOneBox.ocfg.LoneBox.B10.M30.C3.T00,O_.PlateHeat.plate_33x33.c_3_17
O_.POETSHardwareOneBox.ocfg.LoneBox.B10.M30.C3.T01,O_.PlateHeat.plate_33x33.c_15_3
O_.POETSHardwareOneBox.ocfg.LoneBox.B10.M30.C3.T02,O_.PlateHeat.plate_33x33.c_26_22
O_.POETSHardwareOneBox.ocfg.LoneBox.B10.M31.C0.T00,O_.PlateHeat.plate_33x33.c_3_18
O_.POETSHardwareOneBox.ocfg.LoneBox.B10.M31.C0.T01,O_.PlateHeat.plate_33x33.c_15_4
O_.POETSHardwareOneBox.ocfg.LoneBox.B10.M31.C0.T02,O_.PlateHeat.plate_33x33.c_26_23
O_.POETSHardwareOneBox.ocfg.LoneBox.B10.M31.C1.T00,O_.PlateHeat.plate_33x33.c_3_19
O_.POETSHardwareOneBox.ocfg.LoneBox.B10.M31.C1.T01,O_.PlateHeat.plate_33x33.c_15_5
O_.POETSHardwareOneBox.ocfg.LoneBox.B10.M31.C1.T02,O_.PlateHeat.plate_33x33.c_26_24
O_.POETSHardwareOneBox.ocfg.LoneBox.B10.M31.C2.T00,O_.PlateHeat.plate_33x33.c_3_20
O_.POETSHardwareOneBox.ocfg.LoneBox.B10.M31.C2.T01,O_.PlateHeat.plate_33x33.c_15_6
O_.POETSHardwareOneBox.ocfg.LoneBox.B10.M31.C2.T02,O_.PlateHeat.plate_33x33.c_26_25
O_.POETSHardwareOneBox.ocfg.LoneBox.B10.M31.C3.T00,O_.PlateHeat.plate_33x33.c_3_21
O_.POETSHardwareOneBox.ocfg.LoneBox.B10.M31.C3.T01,O_.PlateHeat.plate_33x33.c_15_7
O_.POETSHardwareOneBox.ocfg.LoneBox.B10.M31.C3.T02,O_.PlateHeat.plate_33x33.c_26_26
O_.POETSHardwareOneBox.ocfg.LoneBox.B10.M32.C0.T00,O_.PlateHeat.plate_33x33.c_3_22
O_.POETSHardwareOneBox.ocfg.LoneBox.B10.M32.C0.T01,O_.PlateHeat.plate_33x33.c_15_8
O_.POETSHardwareOneBox.ocfg.LoneBox.B10.M32.C0.T02,O_.PlateHeat.plate_33x33.c_26_27
O_.POETSHardwareOneBox.ocfg.LoneBox.B10.M32.C1.T00,O_.PlateHeat.plate_33x33.c_3_23
O_.POETSHardwareOneBox.ocfg.LoneBox.B10.M32.C1.T01,O_.PlateHeat.plate_33x33.c_15_9
O_.POETSHardwareOneBox.ocfg.LoneBox.B10.M32.C1.T02,O_.PlateHeat.plate_33x33.c_26_28
O_.POETSHardwareOneBox.ocfg.LoneBox.B10.M32.C2.T00,O_.PlateHeat.plate_33x33.c_3_24
O_.POETSHardwareOneBox.ocfg.LoneBox.B10.M32.C2.T01,O_.PlateHeat.plate_33x33.c_15_10
O_.POETSHardwareOneBox.ocfg.LoneBox.B10.M32.C2.T02,O_.PlateHeat.plate_33x33.c_26_29
O_.POETSHardwareOneBox.ocfg.LoneBox.B10.M32.C3.T00,O_.PlateHeat.plate_33x33.c_3_25
O_.POETSHardwareOneBox.ocfg.LoneBox.B10.M32.C3.T01,O_.PlateHeat.plate_33x33.c_15_11
O_.POETSHardwareOneBox.ocfg.LoneBox.B10.M32.C3.T02,O_.PlateHeat.plate_33x33.c_26_30
O_.POETSHardwareOneBox.ocfg.LoneBox.B10.M33.C0.T00,O_.PlateHeat.plate_33x33.c_3_26
O_.POETSHardwareOneBox.ocfg.LoneBox.B10.M33.C0.T01,O_.PlateHeat.plate_33x33.c_15_12
O_.POETSHardwareOneBox.ocfg.LoneBox.B10.M33.C0.T02,O_.PlateHeat.plate_33x33.c_26_31
O_.POETSHardwareOneBox.ocfg.LoneBox.B10.M33.C1.T00,O_.PlateHeat.plate_33x33.c_3_27
O_.POETSHardwareOneBox.ocfg.LoneBox.B10.M33.C1.T01,O_.PlateHeat.plate_33x33.c_15_13
O_.POETSHardwareOneBox.ocfg.LoneBox.B10.M33.C1.T02,O_.PlateHeat.plate_33x33.c_26_32
O_.POETSHardwareOneBox.ocfg.LoneBox.B10.M33.C2.T00,O_.PlateHeat.plate_33x33.c_3_28
O_.POETSHardwareOneBox.ocfg.LoneBox.B10.M33.C2.T01,O_.PlateHeat.plate_33x33.c_15_14
O_.POETSHardwareOneBox.ocfg.LoneBox.B10.M33.C2.T02,O_.PlateHeat.plate_33x33.c_27_0
O_.POETSHardwareOneBox.ocfg.LoneBox.B10.M33.C3.T00,O_.PlateHeat.plate_33x33.c_3_29
O_.POETSHardwareOneBox.ocfg.LoneBox.B10.M33.C3.T01,O_.PlateHeat.plate_33x33.c_15_15
O_.POETSHardwareOneBox.ocfg.LoneBox.B10.M33.C3.T02,O_.PlateHeat.plate_33x33.c_27_1
O_.POETSHardwareOneBox.ocfg.LoneBox.B20.M00.C0.T00,O_.PlateHeat.plate_33x33.c_3_30
O_.POETSHardwareOneBox.ocfg.LoneBox.B20.M00.C0.T01,O_.PlateHeat.plate_33x33.c_15_16
O_.POETSHardwareOneBox.ocfg.LoneBox.B20.M00.C0.T02,O_.PlateHeat.plate_33x33.c_27_2
O_.POETSHardwareOneBox.ocfg.LoneBox.B20.M00.C1.T00,O_.PlateHeat.plate_33x33.c_3_31
O_.POETSHardwareOneBox.ocfg.LoneBox.B20.M00.C1.T01,O_.PlateHeat.plate_33x33.c_15_17
O_.POETSHardwareOneBox.ocfg.LoneBox.B20.M00.C1.T02,O_.PlateHeat.plate_33x33.c_27_3
O_.POETSHardwareOneBox.ocfg.LoneBox.B20.M00.C2.T00,O_.PlateHeat.plate_33x33.c_3_32
O_.POETSHardwareOneBox.ocfg.LoneBox.B20.M00.C2.T01,O_.PlateHeat.plate_33x33.c_15_18
O_.POETSHardwareOneBox.ocfg.LoneBox.B20.M00.C2.T02,O_.PlateHeat.plate_33x33.c_27_4
O_.POETSHardwareOneBox.ocfg.LoneBox.B20.M00.C3.T00,O_.PlateHeat.plate_33x33.c_4_0
O_.POETSHardwareOneBox.ocfg.LoneBox.B20.M00.C3.T01,O_.PlateHeat.plate_33x33.c_15_19
O_.POETSHardwareOneBox.ocfg.LoneBox.B20.M00.C3.T02,O_.PlateHeat.plate_33x33.c_27_5
O_.POETSHardwareOneBox.ocfg.LoneBox.B20.M01.C0.T00,O_.PlateHeat.plate_33x33.c_4_1
O_.POETSHardwareOneBox.ocfg.LoneBox.B20.M01.C0.T01,O_.PlateHeat.plate_33x33.c_15_20
O_.POETSHardwareOneBox.ocfg.LoneBox.B20.M01.C0.T02,O_.PlateHeat.plate_33x33.c_27_6
O_.POETSHardwareOneBox.ocfg.LoneBox.B20.M01.C1.T00,O_.PlateHeat.plate_33x33.c_4_2
O_.POETSHardwareOneBox.ocfg.LoneBox.B20.M01.C1.T01,O_.PlateHeat.plate_33x33.c_15_21
O_.POETSHardwareOneBox.ocfg.LoneBox.B20.M01.C1.T02,O_.PlateHeat.plate_33x33.c_27_7
O_.POETSHardwareOneBox.ocfg.LoneBox.B20.M01.C2.T00,O_.PlateHeat.plate_33x33.c_4_3
O_.POETSHardwareOneBox.ocfg.LoneBox.B20.M01.C2.T01,O_.PlateHeat.plate_33x33.c_15_22
O_.POETSHardwareOneBox.ocfg.LoneBox.B20.M01.C2.T02,O_.PlateHeat.plate_33x33.c_27_8
O_.POETSHardwareOneBox.ocfg.LoneBox.B20.M01.C3.T00,O_.PlateHeat.plate_33x33.c_4_4
O_.POETSHardwareOneBox.ocfg.LoneBox.B20.M01.C3.T01,O_.PlateHeat.plate_33x33.c_15_23
O_.POETSHardwareOneBox.ocfg.LoneBox.B20.M01.C3.T02,O_.PlateHeat.plate_33x33.c_27_9
O_.POETSHardwareOneBox.ocfg.LoneBox.B20.M02.C0.T00,O_.PlateHeat.plate_33x33.c_4_5
O_.POETSHardwareOneBox.ocfg.LoneBox.B20.M02.C0.T01,O_.PlateHeat.plate_33x33.c_15_24
O_.POETSHardwareOneBox.ocfg.LoneBox.B20.M02.C0.T02,O_.PlateHeat.plate_33x33.c_27_10
O_.POETSHardwareOneBox.ocfg.LoneBox.B20.M02.C1.T00,O_.PlateHeat.plate_33x33.c_4_6
O_.POETSHardwareOneBox.ocfg.LoneBox.B20.M02.C1.T01,O_.PlateHeat.plate_33x33.c_15_25
O_.POETSHardwareOneBox.ocfg.LoneBox.B20.M02.C1.T02,O_.PlateHeat.plate_33x33.c_27_11
O_.POETSHardwareOneBox.ocfg.LoneBox.B20.M02.C2.T00,O_.PlateHeat.plate_33x33.c_4_7
O_.POETSHardwareOneBox.ocfg.LoneBox.B20.M02.C2.T01,O_.PlateHeat.plate_33x33.c_15_26
O_.POETSHardwareOneBox.ocfg.LoneBox.B20.M02.C2.T02,O_.PlateHeat.plate_33x33.c_27_12
O_.POETSHardwareOneBox.ocfg.LoneBox.B20.M02.C3.T00,O_.PlateHeat.plate_33x33.c_4_8
O_.POETSHardwareOneBox.ocfg.LoneBox.B20.M02.C3.T01,O_.PlateHeat.plate_33x33.c_15_27
O_.POETSHardwareOneBox.ocfg.LoneBox.B20.M02.C3.T02,O_.PlateHeat.plate_33x33.c_27_13
O_.POETSHardwareOneBox.ocfg.LoneBox.B20.M03.C0.T00,O_.PlateHeat.plate_33x33.c_4_9
O_.POETSHardwareOneBox.ocfg.LoneBox.B20.M03.C0.T01,O_.PlateHeat.plate_33x33.c_15_28
O_.POETSHardwareOneBox.ocfg.LoneBox.B20.M03.C0.T02,O_.PlateHeat.plate_33x33.c_27_14
O_.POETSHardwareOneBox.ocfg.LoneBox.B20.M03.C1.T00,O_.PlateHeat.plate_33x33.c_4_10
O_.POETSHardwareOneBox.ocfg.LoneBox.B20.M03.C1.T01,O_.PlateHeat.plate_33x33.c_15_29
O_.POETSHardwareOneBox.ocfg.LoneBox.B20.M03.C1.T02,O_.PlateHeat.plate_33x33.c_27_15
O_.POETSHardwareOneBox.ocfg.LoneBox.B20.M03.C2.T00,O_.PlateHeat.plate_33x33.c_4_11
O_.POETSHardwareOneBox.ocfg.LoneBox.B20.M03.C2.T01,O_.PlateHeat.plate_33x33.c_15_30
O_.POETSHardwareOneBox.ocfg.LoneBox.B20.M03.C2.T02,O_.PlateHeat.plate_33x33.c_27_16
O_.POETSHardwareOneBox.ocfg.LoneBox.B20.M03.C3.T00,O_.PlateHeat.plate_33x33.c_4_12
O_.POETSHardwareOneBox.ocfg.LoneBox.B20.M03.C3.T01,O_.PlateHeat.plate_33x33.c_15_31
O_.POETSHardwareOneBox.ocfg.LoneBox.B20.M03.C3.T02,O_.PlateHeat.plate_33x33.c_27_17
O_.POETSHardwareOneBox.ocfg.LoneBox.B20.M10.C0.T00,O_.PlateHeat.plate_33x33.c_4_13
O_.POETSHardwareOneBox.ocfg.LoneBox.B20.M10.C0.T01,O_.PlateHeat.plate_33x33.c_15_32
O_.POETSHardwareOneBox.ocfg.LoneBox.B20.M10.C0.T02,O_.PlateHeat.plate_33x33.c_27_18
O_.POETSHardwareOneBox.ocfg.LoneBox.B20.M10.C1.T00,O_.PlateHeat.plate_33x33.c_4_14
O_.POETSHardwareOneBox.ocfg.LoneBox.B20.M10.C1.T01,O_.PlateHeat.plate_33x33.c_16_0
O_.POETSHardwareOneBox.ocfg.LoneBox.B20.M10.C1.T02,O_.PlateHeat.plate_33x33.c_27_19
O_.POETSHardwareOneBox.ocfg.LoneBox.B20.M10.C2.T00,O_.PlateHeat.plate_33x33.c_4_15
O_.POETSHardwareOneBox.ocfg.LoneBox.B20.M10.C2.T01,O_.PlateHeat.plate_33x33.c_16_1
O_.POETSHardwareOneBox.ocfg.LoneBox.B20.M10.C2.T02,O_.PlateHeat.plate_33x33.c_27_20
O_.POETSHardwareOneBox.ocfg.LoneBox.B20.M10.C3.T00,O_.PlateHeat.plate_33x33.c_4_16
O_.POETSHardwareOneBox.ocfg.LoneBox.B20.M10.C3.T01,O_.PlateHeat.plate_33x33.c_16_2
O_.POETSHardwareOneBox.ocfg.LoneBox.B20.M10.C3.T02,O_.PlateHeat.plate_33x33.c_27_21
O_.POETSHardwareOneBox.ocfg.LoneBox.B20.M11.C0.T00,O_.PlateHeat.plate_33x33.c_4_17
O_.POETSHardwareOneBox.ocfg.LoneBox.B20.M11.C0.T01,O_.PlateHeat.plate_33x33.c_16_3
O_.POETSHardwareOneBox.ocfg.LoneBox.B20.M11.C0.T02,O_.PlateHeat.plate_33x33.c_27_22
O_.POETSHardwareOneBox.ocfg.LoneBox.B20.M11.C1.T00,O_.PlateHeat.plate_33x33.c_4_18
O_.POETSHardwareOneBox.ocfg.LoneBox.B20.M11.C1.T01,O_.PlateHeat.plate_33x33.c_16_4
O_.POETSHardwareOneBox.ocfg.LoneBox.B20.M11.C1.T02,O_.PlateHeat.plate_33x33.c_27_23
O_.POETSHardwareOneBox.ocfg.LoneBox.B20.M11.C2.T00,O_.PlateHeat.plate_33x33.c_4_19
O_.POETSHardwareOneBox.ocfg.LoneBox.B20.M11.C2.T01,O_.PlateHeat.plate_33x33.c_16_5
O_.POETSHardwareOneBox.ocfg.LoneBox.B20.M11.C2.T02,O_.PlateHeat.plate_33x33.c_27_24
O_.POETSHardwareOneBox.ocfg.LoneBox.B20.M11.C3.T00,O_.PlateHeat.plate_33x33.c_4_20
O_.POETSHardwareOneBox.ocfg.LoneBox.B20.M11.C3.T01,O_.PlateHeat.plate_33x33.c_16_6
O_.POETSHardwareOneBox.ocfg.LoneBox.B20.M11.C3.T02,O_.PlateHeat.plate_33x33.c_27_25
O_.POETSHardwareOneBox.ocfg.LoneBox.B20.M12.C0.T00,O_.PlateHeat.plate_33x33.c_4_21
O_.POETSHardwareOneBox.ocfg.LoneBox.B20.M12.C0.T01,O_.PlateHeat.plate_33x33.c_16_7
O_.POETSHardwareOneBox.ocfg.LoneBox.B20.M12.C0.T02,O_.PlateHeat.plate_33x33.c_27_26
O_.POETSHardwareOneBox.ocfg.LoneBox.B20.M12.C1.T00,O_.PlateHeat.plate_33x33.c_4_22
O_.POETSHardwareOneBox.ocfg.LoneBox.B20.M12.C1.T01,O_.PlateHeat.plate_33x33.c_16_8
O_.POETSHardwareOneBox.ocfg.LoneBox.B20.M12.C1.T02,O_.PlateHeat.plate_33x33.c_27_27
O_.POETSHardwareOneBox.ocfg.LoneBox.B20.M12.C2.T00,O_.PlateHeat.plate_33x33.c_4_23
O_.POETSHardwareOneBox.ocfg.LoneBox.B20.M12.C2.T01,O_.PlateHeat.plate_33x33.c_16_9
O_.POETSHardwareOneBox.ocfg.LoneBox.B20.M12.C2.T02,O_.PlateHeat.plate_33x33.c_27_28
O_.POETSHardwareOneBox.ocfg.LoneBox.B20.M12.C3.T00,O_.PlateHeat.plate_33x33.c_4_24
O_.POETSHardwareOneBox.ocfg.LoneBox.B20.M12.C3.T01,O_.PlateHeat.plate_33x33.c_16_10
O_.POETSHardwareOneBox.ocfg.LoneBox.B20.M12.C3.T02,O_.PlateHeat.plate_33x33.c_27_29
O_.POETSHardwareOneBox.ocfg.LoneBox.B20.M13.C0.T00,O_.PlateHeat.plate_33x33.c_4_25
O_.POETSHardwareOneBox.ocfg.LoneBox.B20.M13.C0.T01,O_.PlateHeat.plate_33x33.c_16_11
O_.POETSHardwareOneBox.ocfg.LoneBox.B20.M13.C0.T02,O_.PlateHeat.plate_33x33.c_27_30
O_.POETSHardwareOneBox.ocfg.LoneBox.B20.M13.C1.T00,O_.PlateHeat.plate_33x33.c_4_26
O_.POETSHardwareOneBox.ocfg.LoneBox.B20.M13.C1.T01,O_.PlateHeat.plate_33x33.c_16_12
O_.POETSHardwareOneBox.ocfg.LoneBox.B20.M13.C1.T02,O_.PlateHeat.plate_33x33.c_27_31
O_.POETSHardwareOneBox.ocfg.LoneBox.B20.M13.C2.T00,O_.PlateHeat.plate_33x33.c_4_27
O_.POETSHardwareOneBox.ocfg.LoneBox.B20.M13.C2.T01,O_.PlateHeat.plate_33x33.c_16_13
O_.POETSHardwareOneBox.ocfg.LoneBox.B20.M13.C2.T02,O_.PlateHeat.plate_33x33.c_27_32
O_.POETSHardwareOneBox.ocfg.LoneBox.B20.M13.C3.T00,O_.PlateHeat.plate_33x33.c_4_28
O_.POETSHardwareOneBox.ocfg.LoneBox.B20.M13.C3.T01,O_.PlateHeat.plate_33x33.c_16_14
O_.POETSHardwareOneBox.ocfg.LoneBox.B20.M13.C3.T02,O_.PlateHeat.plate_33x33.c_28_0
O_.POETSHardwareOneBox.ocfg.LoneBox.B20.M20.C0.T00,O_.PlateHeat.plate_33x33.c_4_29
O_.POETSHardwareOneBox.ocfg.LoneBox.B20.M20.C0.T01,O_.PlateHeat.plate_33x33.c_16_15
O_.POETSHardwareOneBox.ocfg.LoneBox.B20.M20.C0.T02,O_.PlateHeat.plate_33x33.c_28_1
O_.POETSHardwareOneBox.ocfg.LoneBox.B20.M20.C1.T00,O_.PlateHeat.plate_33x33.c_4_30
O_.POETSHardwareOneBox.ocfg.LoneBox.B20.M20.C1.T01,O_.PlateHeat.plate_33x33.c_16_16
O_.POETSHardwareOneBox.ocfg.LoneBox.B20.M20.C1.T02,O_.PlateHeat.plate_33x33.c_28_2
O_.POETSHardwareOneBox.ocfg.LoneBox.B20.M20.C2.T00,O_.PlateHeat.plate_33x33.c_4_31
O_.POETSHardwareOneBox.ocfg.LoneBox.B20.M20.C2.T01,O_.PlateHeat.plate_33x33.c_16_17
O_.POETSHardwareOneBox.ocfg.LoneBox.B20.M20.C2.T02,O_.PlateHeat.plate_33x33.c_28_3
O_.POETSHardwareOneBox.ocfg.LoneBox.B20.M20.C3.T00,O_.PlateHeat.plate_33x33.c_4_32
O_.POETSHardwareOneBox.ocfg.LoneBox.B20.M20.C3.T01,O_.PlateHeat.plate_33x33.c_16_18
O_.POETSHardwareOneBox.ocfg.LoneBox.B20.M20.C3.T02,O_.PlateHeat.plate_33x33.c_28_4
O_.POETSHardwareOneBox.ocfg.LoneBox.B20.M21.C0.T00,O_.PlateHeat.plate_33x33.c_5_0
O_.POETSHardwareOneBox.ocfg.LoneBox.B20.M21.C0.T01,O_.PlateHeat.plate_33x33.c_16_19
O_.POETSHardwareOneBox.ocfg.LoneBox.B20.M21.C0.T02,O_.PlateHeat.plate_33x33.c_28_5
O_.POETSHardwareOneBox.ocfg.LoneBox.B20.M21.C1.T00,O_.PlateHeat.plate_33x33.c_5_1
O_.POETSHardwareOneBox.ocfg.LoneBox.B20.M21.C1.T01,O_.PlateHeat.plate_33x33.c_16_20
O_.POETSHardwareOneBox.ocfg.LoneBox.B20.M21.C1.T02,O_.PlateHeat.plate_33x33.c_28_6
O_.POETSHardwareOneBox.ocfg.LoneBox.B20.M21.C2.T00,O_.PlateHeat.plate_33x33.c_5_2
O_.POETSHardwareOneBox.ocfg.LoneBox.B20.M21.C2.T01,O_.PlateHeat.plate_33x33.c_16_21
O_.POETSHardwareOneBox.ocfg.LoneBox.B20.M21.C2.T02,O_.PlateHeat.plate_33x33.c_28_7
O_.POETSHardwareOneBox.ocfg.LoneBox.B20.M21.C3.T00,O_.PlateHeat.plate_33x33.c_5_3
O_.POETSHardwareOneBox.ocfg.LoneBox.B20.M21.C3.T01,O_.PlateHeat.plate_33x33.c_16_22
O_.POETSHardwareOneBox.ocfg.LoneBox.B20.M21.C3.T02,O_.PlateHeat.plate_33x33.c_28_8
O_.POETSHardwareOneBox.ocfg.LoneBox.B20.M22.C0.T00,O_.PlateHeat.plate_33x33.c_5_4
O_.POETSHardwareOneBox.ocfg.LoneBox.B20.M22.C0.T01,O_.PlateHeat.plate_33x33.c_16_23
O_.POETSHardwareOneBox.ocfg.LoneBox.B20.M22.C0.T02,O_.PlateHeat.plate_33x33.c_28_9
O_.POETSHardwareOneBox.ocfg.LoneBox.B20.M22.C1.T00,O_.PlateHeat.plate_33x33.c_5_5
O_.POETSHardwareOneBox.ocfg.LoneBox.B20.M22.C1.T01,O_.PlateHeat.plate_33x33.c_16_24
O_.POETSHardwareOneBox.ocfg.LoneBox.B20.M22.C1.T02,O_.PlateHeat.plate_33x33.c_28_10
O_.POETSHardwareOneBox.ocfg.LoneBox.B20.M22.C2.T00,O_.PlateHeat.plate_33x33.c_5_6
O_.POETSHardwareOneBox.ocfg.LoneBox.B20.M22.C2.T01,O_.PlateHeat.plate_33x33.c_16_25
O_.POETSHardwareOneBox.ocfg.LoneBox.B20.M22.C2.T02,O_.PlateHeat.plate_33x33.c_28_11
O_.POETSHardwareOneBox.ocfg.LoneBox.B20.M22.C3.T00,O_.PlateHeat.plate_33x33.c_5_7
O_.POETSHardwareOneBox.ocfg.LoneBox.B20.M22.C3.T01,O_.PlateHeat.plate_33x33.c_16_26
O_.POETSHardwareOneBox.ocfg.LoneBox.B20.M22.C3.T02,O_.PlateHeat.plate_33x33.c_28_12
O_.POETSHardwareOneBox.ocfg.LoneBox.B20.M23.C0.T00,O_.PlateHeat.plate_33x33.c_5_8
O_.POETSHardwareOneBox.ocfg.LoneBox.B20.M23.C0.T01,O_.PlateHeat.plate_33x33.c_16_27
O_.POETSHardwareOneBox.ocfg.LoneBox.B20.M23.C0.T02,O_.PlateHeat.plate_33x33.c_28_13
O_.POETSHardwareOneBox.ocfg.LoneBox.B20.M23.C1.T00,O_.PlateHeat.plate_33x33.c_5_9
O_.POETSHardwareOneBox.ocfg.LoneBox.B20.M23.C1.T01,O_.PlateHeat.plate_33x33.c_16_28
O_.POETSHardwareOneBox.ocfg.LoneBox.B20.M23.C1.T02,O_.PlateHeat.plate_33x33.c_28_14
O_.POETSHardwareOneBox.ocfg.LoneBox.B20.M23.C2.T00,O_.PlateHeat.plate_33x33.c_5_10
O_.POETSHardwareOneBox.ocfg.LoneBox.B20.M23.C2.T01,O_.PlateHeat.plate_33x33.c_16_29
O_.POETSHardwareOneBox.ocfg.LoneBox.B20.M23.C2.T02,O_.PlateHeat.plate_33x33.c_28_15
O_.POETSHardwareOneBox.ocfg.LoneBox.B20.M23.C3.T00,O_.PlateHeat.plate_33x33.c_5_11
O_.POETSHardwareOneBox.ocfg.LoneBox.B20.M23.C3.T01,O_.PlateHeat.plate_33x33.c_16_30
O_.POETSHardwareOneBox.ocfg.LoneBox.B20.M23.C3.T02,O_.PlateHeat.plate_33x33.c_28_16
O_.POETSHardwareOneBox.ocfg.LoneBox.B20.M30.C0.T00,O_.PlateHeat.plate_33x33.c_5_12
O_.POETSHardwareOneBox.ocfg.LoneBox.B20.M30.C0.T01,O_.PlateHeat.plate_33x33.c_16_31
O_.POETSHardwareOneBox.ocfg.LoneBox.B20.M30.C0.T02,O_.PlateHeat.plate_33x33.c_28_17
O_.POETSHardwareOneBox.ocfg.LoneBox.B20.M30.C1.T00,O_.PlateHeat.plate_33x33.c_5_13
O_.POETSHardwareOneBox.ocfg.LoneBox.B20.M30.C1.T01,O_.PlateHeat.plate_33x33.c_16_32
O_.POETSHardwareOneBox.ocfg.LoneBox.B20.M30.C1.T02,O_.PlateHeat.plate_33x33.c_28_18
O_.POETSHardwareOneBox.ocfg.LoneBox.B20.M30.C2.T00,O_.PlateHeat.plate_33x33.c_5_14
O_.POETSHardwareOneBox.ocfg.LoneBox.B20.M30.C2.T01,O_.PlateHeat.plate_33x33.c_17_0
O_.POETSHardwareOneBox.ocfg.LoneBox.B20.M30.C2.T02,O_.PlateHeat.plate_33x33.c_28_19
O_.POETSHardwareOneBox.ocfg.LoneBox.B20.M30.C3.T00,O_.PlateHeat.plate_33x33.c_5_15
O_.POETSHardwareOneBox.ocfg.LoneBox.B20.M30.C3.T01,O_.PlateHeat.plate_33x33.c_17_1
O_.POETSHardwareOneBox.ocfg.LoneBox.B20.M30.C3.T02,O_.PlateHeat.plate_33x33.c_28_20
O_.POETSHardwareOneBox.ocfg.LoneBox.B20.M31.C0.T00,O_.PlateHeat.plate_33x33.c_5_16
O_.POETSHardwareOneBox.ocfg.LoneBox.B20.M31.C0.T01,O_.PlateHeat.plate_33x33.c_17_2
O_.POETSHardwareOneBox.ocfg.LoneBox.B20.M31.C0.T02,O_.PlateHeat.plate_33x33.c_28_21
O_.POETSHardwareOneBox.ocfg.LoneBox.B20.M31.C1.T00,O_.PlateHeat.plate_33x33.c_5_17
O_.POETSHardwareOneBox.ocfg.LoneBox.B20.M31.C1.T01,O_.PlateHeat.plate_33x33.c_17_3
O_.POETSHardwareOneBox.ocfg.LoneBox.B20.M31.C1.T02,O_.PlateHeat.plate_33x33.c_28_22
O_.POETSHardwareOneBox.ocfg.LoneBox.B20.M31.C2.T00,O_.PlateHeat.plate_33x33.c_5_18
O_.POETSHardwareOneBox.ocfg.LoneBox.B20.M31.C2.T01,O_.PlateHeat.plate_33x33.c_17_4
O_.POETSHardwareOneBox.ocfg.LoneBox.B20.M31.C2.T02,O_.PlateHeat.plate_33x33.c_28_23
O_.POETSHardwareOneBox.ocfg.LoneBox.B20.M31.C3.T00,O_.PlateHeat.plate_33x33.c_5_19
O_.POETSHardwareOneBox.ocfg.LoneBox.B20.M31.C3.T01,O_.PlateHeat.plate_33x33.c_17_5
O_.POETSHardwareOneBox.ocfg.LoneBox.B20.M31.C3.T02,O_.PlateHeat.plate_33x33.c_28_24
O_.POETSHardwareOneBox.ocfg.LoneBox.B20.M32.C0.T00,O_.PlateHeat.plate_33x33.c_5_20
O_.POETSHardwareOneBox.ocfg.LoneBox.B20.M32.C0.T01,O_.PlateHeat.plate_33x33.c_17_6
O_.POETSHardwareOneBox.ocfg.LoneBox.B20.M32.C0.T02,O_.PlateHeat.plate_33x33.c_28_25
O_.POETSHardwareOneBox.ocfg.LoneBox.B20.M32.C1.T00,O_.PlateHeat.plate_33x33.c_5_21
O_.POETSHardwareOneBox.ocfg.LoneBox.B20.M32.C1.T01,O_.PlateHeat.plate_33x33.c_17_7
O_.POETSHardwareOneBox.ocfg.LoneBox.B20.M32.C1.T02,O_.PlateHeat.plate_33x33.c_28_26
O_.POETSHardwareOneBox.ocfg.LoneBox.B20.M32.C2.T00,O_.PlateHeat.plate_33x33.c_5_22
O_.POETSHardwareOneBox.ocfg.LoneBox.B20.M32.C2.T01,O_.PlateHeat.plate_33x33.c_17_8
O_.POETSHardwareOneBox.ocfg.LoneBox.B20.M32.C2.T02,O_.PlateHeat.plate_33x33.c_28_27
O_.POETSHardwareOneBox.ocfg.LoneBox.B20.M32.C3.T00,O_.PlateHeat.plate_33x33.c_5_23
O_.POETSHardwareOneBox.ocfg.LoneBox.B20.M32.C3.T01,O_.PlateHeat.plate_33x33.c_17_9
O_.POETSHardwareOneBox.ocfg.LoneBox.B20.M32.C3.T02,O_.PlateHeat.plate_33x33.c_28_28
O_.POETSHardwareOneBox.ocfg.LoneBox.B20.M33.C0.T00,O_.PlateHeat.plate_33x33.c_5_24
O_.POETSHardwareOneBox.ocfg.LoneBox.B20.M33.C0.T01,O_.PlateHeat.plate_33x33.c_17_10
O_.POETSHardwareOneBox.ocfg.LoneBox.B20.M33.C0.T02,O_.PlateHeat.plate_33x33.c_28_29
O_.POETSHardwareOneBox.ocfg.LoneBox.B20.M33.C1.T00,O_.PlateHeat.plate_33x33.c_5_25
O_.POETSHardwareOneBox.ocfg.LoneBox.B20.M33.C1.T01,O_.PlateHeat.plate_33x33.c_17_11
O_.POETSHardwareOneBox.ocfg.LoneBox.B20.M33.C1.T02,O_.PlateHeat.plate_33x33.c_28_30
O_.POETSHardwareOneBox.ocfg.LoneBox.B20.M33.C2.T00,O_.PlateHeat.plate_33x33.c_5_26
O_.POETSHardwareOneBox.ocfg.LoneBox.B20.M33.C2.T01,O_.PlateHeat.plate_33x33.c_17_12
O_.POETSHardwareOneBox.ocfg.LoneBox.B20.M33.C2.T02,O_.PlateHeat.plate_33x33.c_28_31
O_.POETSHardwareOneBox.ocfg.LoneBox.B20.M33.C3.T00,O_.PlateHeat.plate_33x33.c_5_27
O_.POETSHardwareOneBox.ocfg.LoneBox.B20.M33.C3.T01,O_.PlateHeat.plate_33x33.c_17_13
O_.POETSHardwareOneBox.ocfg.LoneBox.B20.M33.C3.T02,O_.PlateHeat.plate_33x33.c_28_32
O_.POETSHardwareOneBox.ocfg.LoneBox.B01.M00.C0.T00,O_.PlateHeat.plate_33x33.c_5_28
O_.POETSHardwareOneBox.ocfg.LoneBox.B01.M00.C0.T01,O_.PlateHeat.plate_33x33.c_17_14
O_.POETSHardwareOneBox.ocfg.LoneBox.B01.M00.C0.T02,O_.PlateHeat.plate_33x33.c_29_0
O_.POETSHardwareOneBox.ocfg.LoneBox.B01.M00.C1.T00,O_.PlateHeat.plate_33x33.c_5_29
O_.POETSHardwareOneBox.ocfg.LoneBox.B01.M00.C1.T01,O_.PlateHeat.plate_33x33.c_17_15
O_.POETSHardwareOneBox.ocfg.LoneBox.B01.M00.C1.T02,O_.PlateHeat.plate_33x33.c_29_1
O_.POETSHardwareOneBox.ocfg.LoneBox.B01.M00.C2.T00,O_.PlateHeat.plate_33x33.c_5_30
O_.POETSHardwareOneBox.ocfg.LoneBox.B01.M00.C2.T01,O_.PlateHeat.plate_33x33.c_17_16
O_.POETSHardwareOneBox.ocfg.LoneBox.B01.M00.C2.T02,O_.PlateHeat.plate_33x33.c_29_2
O_.POETSHardwareOneBox.ocfg.LoneBox.B01.M00.C3.T00,O_.PlateHeat.plate_33x33.c_5_31
O_.POETSHardwareOneBox.ocfg.LoneBox.B01.M00.C3.T01,O_.PlateHeat.plate_33x33.c_17_17
O_.POETSHardwareOneBox.ocfg.LoneBox.B01.M00.C3.T02,O_.PlateHeat.plate_33x33.c_29_3
O_.POETSHardwareOneBox.ocfg.LoneBox.B01.M01.C0.T00,O_.PlateHeat.plate_33x33.c_5_32
O_.POETSHardwareOneBox.ocfg.LoneBox.B01.M01.C0.T01,O_.PlateHeat.plate_33x33.c_17_18
O_.POETSHardwareOneBox.ocfg.LoneBox.B01.M01.C0.T02,O_.PlateHeat.plate_33x33.c_29_4
O_.POETSHardwareOneBox.ocfg.LoneBox.B01.M01.C1.T00,O_.PlateHeat.plate_33x33.c_6_0
O_.POETSHardwareOneBox.ocfg.LoneBox.B01.M01.C1.T01,O_.PlateHeat.plate_33x33.c_17_19
O_.POETSHardwareOneBox.ocfg.LoneBox.B01.M01.C1.T02,O_.PlateHeat.plate_33x33.c_29_5
O_.POETSHardwareOneBox.ocfg.LoneBox.B01.M01.C2.T00,O_.PlateHeat.plate_33x33.c_6_1
O_.POETSHardwareOneBox.ocfg.LoneBox.B01.M01.C2.T01,O_.PlateHeat.plate_33x33.c_17_20
O_.POETSHardwareOneBox.ocfg.LoneBox.B01.M01.C2.T02,O_.PlateHeat.plate_33x33.c_29_6
O_.POETSHardwareOneBox.ocfg.LoneBox.B01.M01.C3.T00,O_.PlateHeat.plate_33x33.c_6_2
O_.POETSHardwareOneBox.ocfg.LoneBox.B01.M01.C3.T01,O_.PlateHeat.plate_33x33.c_17_21
O_.POETSHardwareOneBox.ocfg.LoneBox.B01.M01.C3.T02,O_.PlateHeat.plate_33x33.c_29_7
O_.POETSHardwareOneBox.ocfg.LoneBox.B01.M02.C0.T00,O_.PlateHeat.plate_33x33.c_6_3
O_.POETSHardwareOneBox.ocfg.LoneBox.B01.M02.C0.T01,O_.PlateHeat.plate_33x33.c_17_22
O_.POETSHardwareOneBox.ocfg.LoneBox.B01.M02.C0.T02,O_.PlateHeat.plate_33x33.c_29_8
O_.POETSHardwareOneBox.ocfg.LoneBox.B01.M02.C1.T00,O_.PlateHeat.plate_33x33.c_6_4
O_.POETSHardwareOneBox.ocfg.LoneBox.B01.M02.C1.T01,O_.PlateHeat.plate_33x33.c_17_23
O_.POETSHardwareOneBox.ocfg.LoneBox.B01.M02.C1.T02,O_.PlateHeat.plate_33x33.c_29_9
O_.POETSHardwareOneBox.ocfg.LoneBox.B01.M02.C2.T00,O_.PlateHeat.plate_33x33.c_6_5
O_.POETSHardwareOneBox.ocfg.LoneBox.B01.M02.C2.T01,O_.PlateHeat.plate_33x33.c_17_24
O_.POETSHardwareOneBox.ocfg.LoneBox.B01.M02.C2.T02,O_.PlateHeat.plate_33x33.c_29_10
O_.POETSHardwareOneBox.ocfg.LoneBox.B01.M02.C3.T00,O_.PlateHeat.plate_33x33.c_6_6
O_.POETSHardwareOneBox.ocfg.LoneBox.B01.M02.C3.T01,O_.PlateHeat.plate_33x33.c_17_25
O_.POETSHardwareOneBox.ocfg.LoneBox.B01.M02.C3.T02,O_.PlateHeat.plate_33x33.c_29_11
O_.POETSHardwareOneBox.ocfg.LoneBox.B01.M03.C0.T00,O_.PlateHeat.plate_33x33.c_6_7
O_.POETSHardwareOneBox.ocfg.LoneBox.B01.M03.C0.T01,O_.PlateHeat.plate_33x33.c_17_26
O_.POETSHardwareOneBox.ocfg.LoneBox.B01.M03.C0.T02,O_.PlateHeat.plate_33x33.c_29_12
O_.POETSHardwareOneBox.ocfg.LoneBox.B01.M03.C1.T00,O_.PlateHeat.plate_33x33.c_6_8
O_.POETSHardwareOneBox.ocfg.LoneBox.B01.M03.C1.T01,O_.PlateHeat.plate_33x33.c_17_27
O_.POETSHardwareOneBox.ocfg.LoneBox.B01.M03.C1.T02,O_.PlateHeat.plate_33x33.c_29_13
O_.POETSHardwareOneBox.ocfg.LoneBox.B01.M03.C2.T00,O_.PlateHeat.plate_33x33.c_6_9
O_.POETSHardwareOneBox.ocfg.LoneBox.B01.M03.C2.T01,O_.PlateHeat.plate_33x33.c_17_28
O_.POETSHardwareOneBox.ocfg.LoneBox.B01.M03.C2.T02,O_.PlateHeat.plate_33x33.c_29_14
O_.POETSHardwareOneBox.ocfg.LoneBox.B01.M03.C3.T00,O_.PlateHeat.plate_33x33.c_6_10
O_.POETSHardwareOneBox.ocfg.LoneBox.B01.M03.C3.T01,O_.PlateHeat.plate_33x33.c_17_29
O_.POETSHardwareOneBox.ocfg.LoneBox.B01.M03.C3.T02,O_.PlateHeat.plate_33x33.c_29_15
O_.POETSHardwareOneBox.ocfg.LoneBox.B01.M10.C0.T00,O_.PlateHeat.plate_33x33.c_6_11
O_.POETSHardwareOneBox.ocfg.LoneBox.B01.M10.C0.T01,O_.PlateHeat.plate_33x33.c_17_30
O_.POETSHardwareOneBox.ocfg.LoneBox.B01.M10.C0.T02,O_.PlateHeat.plate_33x33.c_29_16
O_.POETSHardwareOneBox.ocfg.LoneBox.B01.M10.C1.T00,O_.PlateHeat.plate_33x33.c_6_12
O_.POETSHardwareOneBox.ocfg.LoneBox.B01.M10.C1.T01,O_.PlateHeat.plate_33x33.c_17_31
O_.POETSHardwareOneBox.ocfg.LoneBox.B01.M10.C1.T02,O_.PlateHeat.plate_33x33.c_29_17
O_.POETSHardwareOneBox.ocfg.LoneBox.B01.M10.C2.T00,O_.PlateHeat.plate_33x33.c_6_13
O_.POETSHardwareOneBox.ocfg.LoneBox.B01.M10.C2.T01,O_.PlateHeat.plate_33x33.c_17_32
O_.POETSHardwareOneBox.ocfg.LoneBox.B01.M10.C2.T02,O_.PlateHeat.plate_33x33.c_29_18
O_.POETSHardwareOneBox.ocfg.LoneBox.B01.M10.C3.T00,O_.PlateHeat.plate_33x33.c_6_14
O_.POETSHardwareOneBox.ocfg.LoneBox.B01.M10.C3.T01,O_.PlateHeat.plate_33x33.c_18_0
O_.POETSHardwareOneBox.ocfg.LoneBox.B01.M10.C3.T02,O_.PlateHeat.plate_33x33.c_29_19
O_.POETSHardwareOneBox.ocfg.LoneBox.B01.M11.C0.T00,O_.PlateHeat.plate_33x33.c_6_15
O_.POETSHardwareOneBox.ocfg.LoneBox.B01.M11.C0.T01,O_.PlateHeat.plate_33x33.c_18_1
O_.POETSHardwareOneBox.ocfg.LoneBox.B01.M11.C0.T02,O_.PlateHeat.plate_33x33.c_29_20
O_.POETSHardwareOneBox.ocfg.LoneBox.B01.M11.C1.T00,O_.PlateHeat.plate_33x33.c_6_16
O_.POETSHardwareOneBox.ocfg.LoneBox.B01.M11.C1.T01,O_.PlateHeat.plate_33x33.c_18_2
O_.POETSHardwareOneBox.ocfg.LoneBox.B01.M11.C1.T02,O_.PlateHeat.plate_33x33.c_29_21
O_.POETSHardwareOneBox.ocfg.LoneBox.B01.M11.C2.T00,O_.PlateHeat.plate_33x33.c_6_17
O_.POETSHardwareOneBox.ocfg.LoneBox.B01.M11.C2.T01,O_.PlateHeat.plate_33x33.c_18_3
O_.POETSHardwareOneBox.ocfg.LoneBox.B01.M11.C2.T02,O_.PlateHeat.plate_33x33.c_29_22
O_.POETSHardwareOneBox.ocfg.LoneBox.B01.M11.C3.T00,O_.PlateHeat.plate_33x33.c_6_18
O_.POETSHardwareOneBox.ocfg.LoneBox.B01.M11.C3.T01,O_.PlateHeat.plate_33x33.c_18_4
O_.POETSHardwareOneBox.ocfg.LoneBox.B01.M11.C3.T02,O_.PlateHeat.plate_33x33.c_29_23
O_.POETSHardwareOneBox.ocfg.LoneBox.B01.M12.C0.T00,O_.PlateHeat.plate_33x33.c_6_19
O_.POETSHardwareOneBox.ocfg.LoneBox.B01.M12.C0.T01,O_.PlateHeat.plate_33x33.c_18_5
O_.POETSHardwareOneBox.ocfg.LoneBox.B01.M12.C0.T02,O_.PlateHeat.plate_33x33.c_29_24
O_.POETSHardwareOneBox.ocfg.LoneBox.B01.M12.C1.T00,O_.PlateHeat.plate_33x33.c_6_20
O_.POETSHardwareOneBox.ocfg.LoneBox.B01.M12.C1.T01,O_.PlateHeat.plate_33x33.c_18_6
O_.POETSHardwareOneBox.ocfg.LoneBox.B01.M12.C1.T02,O_.PlateHeat.plate_33x33.c_29_25
O_.POETSHardwareOneBox.ocfg.LoneBox.B01.M12.C2.T00,O_.PlateHeat.plate_33x33.c_6_21
O_.POETSHardwareOneBox.ocfg.LoneBox.B01.M12.C2.T01,O_.PlateHeat.plate_33x33.c_18_7
O_.POETSHardwareOneBox.ocfg.LoneBox.B01.M12.C2.T02,O_.PlateHeat.plate_33x33.c_29_26
O_.POETSHardwareOneBox.ocfg.LoneBox.B01.M12.C3.T00,O_.PlateHeat.plate_33x33.c_6_22
O_.POETSHardwareOneBox.ocfg.LoneBox.B01.M12.C3.T01,O_.PlateHeat.plate_33x33.c_18_8
O_.POETSHardwareOneBox.ocfg.LoneBox.B01.M12.C3.T02,O_.PlateHeat.plate_33x33.c_29_27
O_.POETSHardwareOneBox.ocfg.LoneBox.B01.M13.C0.T00,O_.PlateHeat.plate_33x33.c_6_23
O_.POETSHardwareOneBox.ocfg.LoneBox.B01.M13.C0.T01,O_.PlateHeat.plate_33x33.c_18_9
O_.POETSHardwareOneBox.ocfg.LoneBox.B01.M13.C0.T02,O_.PlateHeat.plate_33x33.c_29_28
O_.POETSHardwareOneBox.ocfg.LoneBox.B01.M13.C1.T00,O_.PlateHeat.plate_33x33.c_6_24
O_.POETSHardwareOneBox.ocfg.LoneBox.B01.M13.C1.T01,O_.PlateHeat.plate_33x33.c_18_10
O_.POETSHardwareOneBox.ocfg.LoneBox.B01.M13.C1.T02,O_.PlateHeat.plate_33x33.c_29_29
O_.POETSHardwareOneBox.ocfg.LoneBox.B01.M13.C2.T00,O_.PlateHeat.plate_33x33.c_6_25
O_.POETSHardwareOneBox.ocfg.LoneBox.B01.M13.C2.T01,O_.PlateHeat.plate_33x33.c_18_11
O_.POETSHardwareOneBox.ocfg.LoneBox.B01.M13.C2.T02,O_.PlateHeat.plate_33x33.c_29_30
O_.POETSHardwareOneBox.ocfg.LoneBox.B01.M13.C3.T00,O_.PlateHeat.plate_33x33.c_6_26
O_.POETSHardwareOneBox.ocfg.LoneBox.B01.M13.C3.T01,O_.PlateHeat.plate_33x33.c_18_12
O_.POETSHardwareOneBox.ocfg.LoneBox.B01.M13.C3.T02,O_.PlateHeat.plate_33x33.c_29_31
O_.POETSHardwareOneBox.ocfg.LoneBox.B01.M20.C0.T00,O_.PlateHeat.plate_33x33.c_6_27
O_.POETSHardwareOneBox.ocfg.LoneBox.B01.M20.C0.T01,O_.PlateHeat.plate_33x33.c_18_13
O_.POETSHardwareOneBox.ocfg.LoneBox.B01.M20.C0.T02,O_.PlateHeat.plate_33x33.c_29_32
O_.POETSHardwareOneBox.ocfg.LoneBox.B01.M20.C1.T00,O_.PlateHeat.plate_33x33.c_6_28
O_.POETSHardwareOneBox.ocfg.LoneBox.B01.M20.C1.T01,O_.PlateHeat.plate_33x33.c_18_14
O_.POETSHardwareOneBox.ocfg.LoneBox.B01.M20.C1.T02,O_.PlateHeat.plate_33x33.c_30_0
O_.POETSHardwareOneBox.ocfg.LoneBox.B01.M20.C2.T00,O_.PlateHeat.plate_33x33.c_6_29
O_.POETSHardwareOneBox.ocfg.LoneBox.B01.M20.C2.T01,O_.PlateHeat.plate_33x33.c_18_15
O_.POETSHardwareOneBox.ocfg.LoneBox.B01.M20.C2.T02,O_.PlateHeat.plate_33x33.c_30_1
O_.POETSHardwareOneBox.ocfg.LoneBox.B01.M20.C3.T00,O_.PlateHeat.plate_33x33.c_6_30
O_.POETSHardwareOneBox.ocfg.LoneBox.B01.M20.C3.T01,O_.PlateHeat.plate_33x33.c_18_16
O_.POETSHardwareOneBox.ocfg.LoneBox.B01.M20.C3.T02,O_.PlateHeat.plate_33x33.c_30_2
O_.POETSHardwareOneBox.ocfg.LoneBox.B01.M21.C0.T00,O_.PlateHeat.plate_33x33.c_6_31
O_.POETSHardwareOneBox.ocfg.LoneBox.B01.M21.C0.T01,O_.PlateHeat.plate_33x33.c_18_17
O_.POETSHardwareOneBox.ocfg.LoneBox.B01.M21.C0.T02,O_.PlateHeat.plate_33x33.c_30_3
O_.POETSHardwareOneBox.ocfg.LoneBox.B01.M21.C1.T00,O_.PlateHeat.plate_33x33.c_6_32
O_.POETSHardwareOneBox.ocfg.LoneBox.B01.M21.C1.T01,O_.PlateHeat.plate_33x33.c_18_18
O_.POETSHardwareOneBox.ocfg.LoneBox.B01.M21.C1.T02,O_.PlateHeat.plate_33x33.c_30_4
O_.POETSHardwareOneBox.ocfg.LoneBox.B01.M21.C2.T00,O_.PlateHeat.plate_33x33.c_7_0
O_.POETSHardwareOneBox.ocfg.LoneBox.B01.M21.C2.T01,O_.PlateHeat.plate_33x33.c_18_19
O_.POETSHardwareOneBox.ocfg.LoneBox.B01.M21.C2.T02,O_.PlateHeat.plate_33x33.c_30_5
O_.POETSHardwareOneBox.ocfg.LoneBox.B01.M21.C3.T00,O_.PlateHeat.plate_33x33.c_7_1
O_.POETSHardwareOneBox.ocfg.LoneBox.B01.M21.C3.T01,O_.PlateHeat.plate_33x33.c_18_20
O_.POETSHardwareOneBox.ocfg.LoneBox.B01.M21.C3.T02,O_.PlateHeat.plate_33x33.c_30_6
O_.POETSHardwareOneBox.ocfg.LoneBox.B01.M22.C0.T00,O_.PlateHeat.plate_33x33.c_7_2
O_.POETSHardwareOneBox.ocfg.LoneBox.B01.M22.C0.T01,O_.PlateHeat.plate_33x33.c_18_21
O_.POETSHardwareOneBox.ocfg.LoneBox.B01.M22.C0.T02,O_.PlateHeat.plate_33x33.c_30_7
O_.POETSHardwareOneBox.ocfg.LoneBox.B01.M22.C1.T00,O_.PlateHeat.plate_33x33.c_7_3
O_.POETSHardwareOneBox.ocfg.LoneBox.B01.M22.C1.T01,O_.PlateHeat.plate_33x33.c_18_22
O_.POETSHardwareOneBox.ocfg.LoneBox.B01.M22.C1.T02,O_.PlateHeat.plate_33x33.c_30_8
O_.POETSHardwareOneBox.ocfg.LoneBox.B01.M22.C2.T00,O_.PlateHeat.plate_33x33.c_7_4
O_.POETSHardwareOneBox.ocfg.LoneBox.B01.M22.C2.T01,O_.PlateHeat.plate_33x33.c_18_23
O_.POETSHardwareOneBox.ocfg.LoneBox.B01.M22.C2.T02,O_.PlateHeat.plate_33x33.c_30_9
O_.POETSHardwareOneBox.ocfg.LoneBox.B01.M22.C3.T00,O_.PlateHeat.plate_33x33.c_7_5
O_.POETSHardwareOneBox.ocfg.LoneBox.B01.M22.C3.T01,O_.PlateHeat.plate_33x33.c_18_24
O_.POETSHardwareOneBox.ocfg.LoneBox.B01.M22.C3.T02,O_.PlateHeat.plate_33x33.c_30_10
O_.POETSHardwareOneBox.ocfg.LoneBox.B01.M23.C0.T00,O_.PlateHeat.plate_33x33.c_7_6
O_.POETSHardwareOneBox.ocfg.LoneBox.B01.M23.C0.T01,O_.PlateHeat.plate_33x33.c_18_25
O_.POETSHardwareOneBox.ocfg.LoneBox.B01.M23.C0.T02,O_.PlateHeat.plate_33x33.c_30_11
O_.POETSHardwareOneBox.ocfg.LoneBox.B01.M23.C1.T00,O_.PlateHeat.plate_33x33.c_7_7
O_.POETSHardwareOneBox.ocfg.LoneBox.B01.M23.C1.T01,O_.PlateHeat.plate_33x33.c_18_26
O_.POETSHardwareOneBox.ocfg.LoneBox.B01.M23.C1.T02,O_.PlateHeat.plate_33x33.c_30_12
O_.POETSHardwareOneBox.ocfg.LoneBox.B01.M23.C2.T00,O_.PlateHeat.plate_33x33.c_7_8
O_.POETSHardwareOneBox.ocfg.LoneBox.B01.M23.C2.T01,O_.PlateHeat.plate_33x33.c_18_27
O_.POETSHardwareOneBox.ocfg.LoneBox.B01.M23.C2.T02,O_.PlateHeat.plate_33x33.c_30_13
O_.POETSHardwareOneBox.ocfg.LoneBox.B01.M23.C3.T00,O_.PlateHeat.plate_33x33.c_7_9
O_.POETSHardwareOneBox.ocfg.LoneBox.B01.M23.C3.T01,O_.PlateHeat.plate_33x33.c_18_28
O_.POETSHardwareOneBox.ocfg.LoneBox.B01.M23.C3.T02,O_.PlateHeat.plate_33x33.c_30_14
O_.POETSHardwareOneBox.ocfg.LoneBox.B01.M30.C0.T00,O_.PlateHeat.plate_33x33.c_7_10
O_.POETSHardwareOneBox.ocfg.LoneBox.B01.M30.C0.T01,O_.PlateHeat.plate_33x33.c_18_29
O_.POETSHardwareOneBox.ocfg.LoneBox.B01.M30.C0.T02,O_.PlateHeat.plate_33x33.c_30_15
O_.POETSHardwareOneBox.ocfg.LoneBox.B01.M30.C1.T00,O_.PlateHeat.plate_33x33.c_7_11
O_.POETSHardwareOneBox.ocfg.LoneBox.B01.M30.C1.T01,O_.PlateHeat.plate_33x33.c_18_30
O_.POETSHardwareOneBox.ocfg.LoneBox.B01.M30.C1.T02,O_.PlateHeat.plate_33x33.c_30_16
O_.POETSHardwareOneBox.ocfg.LoneBox.B01.M30.C2.T00,O_.PlateHeat.plate_33x33.c_7_12
O_.POETSHardwareOneBox.ocfg.LoneBox.B01.M30.C2.T01,O_.PlateHeat.plate_33x33.c_18_31
O_.POETSHardwareOneBox.ocfg.LoneBox.B01.M30.C2.T02,O_.PlateHeat.plate_33x33.c_30_17
O_.POETSHardwareOneBox.ocfg.LoneBox.B01.M30.C3.T00,O_.PlateHeat.plate_33x33.c_7_13
O_.POETSHardwareOneBox.ocfg.LoneBox.B01.M30.C3.T01,O_.PlateHeat.plate_33x33.c_18_32
O_.POETSHardwareOneBox.ocfg.LoneBox.B01.M30.C3.T02,O_.PlateHeat.plate_33x33.c_30_18
O_.POETSHardwareOneBox.ocfg.LoneBox.B01.M31.C0.T00,O_.PlateHeat.plate_33x33.c_7_14
O_.POETSHardwareOneBox.ocfg.LoneBox.B01.M31.C0.T01,O_.PlateHeat.plate_33x33.c_19_0
O_.POETSHardwareOneBox.ocfg.LoneBox.B01.M31.C0.T02,O_.PlateHeat.plate_33x33.c_30_19
O_.POETSHardwareOneBox.ocfg.LoneBox.B01.M31.C1.T00,O_.PlateHeat.plate_33x33.c_7_15
O_.POETSHardwareOneBox.ocfg.LoneBox.B01.M31.C1.T01,O_.PlateHeat.plate_33x33.c_19_1
O_.POETSHardwareOneBox.ocfg.LoneBox.B01.M31.C1.T02,O_.PlateHeat.plate_33x33.c_30_20
O_.POETSHardwareOneBox.ocfg.LoneBox.B01.M31.C2.T00,O_.PlateHeat.plate_33x33.c_7_16
O_.POETSHardwareOneBox.ocfg.LoneBox.B01.M31.C2.T01,O_.PlateHeat.plate_33x33.c_19_2
O_.POETSHardwareOneBox.ocfg.LoneBox.B01.M31.C2.T02,O_.PlateHeat.plate_33x33.c_30_21
O_.POETSHardwareOneBox.ocfg.LoneBox.B01.M31.C3.T00,O_.PlateHeat.plate_33x33.c_7_17
O_.POETSHardwareOneBox.ocfg.LoneBox.B01.M31.C3.T01,O_.PlateHeat.plate_33x33.c_19_3
O_.POETSHardwareOneBox.ocfg.LoneBox.B01.M31.C3.T02,O_.PlateHeat.plate_33x33.c_30_22
O_.POETSHardwareOneBox.ocfg.LoneBox.B01.M32.C0.T00,O_.PlateHeat.plate_33x33.c_7_18
O_.POETSHardwareOneBox.ocfg.LoneBox.B01.M32.C0.T01,O_.PlateHeat.plate_33x33.c_19_4
O_.POETSHardwareOneBox.ocfg.LoneBox.B01.M32.C0.T02,O_.PlateHeat.plate_33x33.c_30_23
O_.POETSHardwareOneBox.ocfg.LoneBox.B01.M32.C1.T00,O_.PlateHeat.plate_33x33.c_7_19
O_.POETSHardwareOneBox.ocfg.LoneBox.B01.M32.C1.T01,O_.PlateHeat.plate_33x33.c_19_5
O_.POETSHardwareOneBox.ocfg.LoneBox.B01.M32.C1.T02,O_.PlateHeat.plate_33x33.c_30_24
O_.POETSHardwareOneBox.ocfg.LoneBox.B01.M32.C2.T00,O_.PlateHeat.plate_33x33.c_7_20
O_.POETSHardwareOneBox.ocfg.LoneBox.B01.M32.C2.T01,O_.PlateHeat.plate_33x33.c_19_6
O_.POETSHardwareOneBox.ocfg.LoneBox.B01.M32.C2.T02,O_.PlateHeat.plate_33x33.c_30_25
O_.POETSHardwareOneBox.ocfg.LoneBox.B01.M32.C3.T00,O_.PlateHeat.plate_33x33.c_7_21
O_.POETSHardwareOneBox.ocfg.LoneBox.B01.M32.C3.T01,O_.PlateHeat.plate_33x33.c_19_7
O_.POETSHardwareOneBox.ocfg.LoneBox.B01.M32.C3.T02,O_.PlateHeat.plate_33x33.c_30_26
O_.POETSHardwareOneBox.ocfg.LoneBox.B01.M33.C0.T00,O_.PlateHeat.plate_33x33.c_7_22
O_.POETSHardwareOneBox.ocfg.LoneBox.B01.M33.C0.T01,O_.PlateHeat.plate_33x33.c_19_8
O_.POETSHardwareOneBox.ocfg.LoneBox.B01.M33.C0.T02,O_.PlateHeat.plate_33x33.c_30_27
O_.POETSHardwareOneBox.ocfg.LoneBox.B01.M33.C1.T00,O_.PlateHeat.plate_33x33.c_7_23
O_.POETSHardwareOneBox.ocfg.LoneBox.B01.M33.C1.T01,O_.PlateHeat.plate_33x33.c_19_9
O_.POETSHardwareOneBox.ocfg.LoneBox.B01.M33.C1.T02,O_.PlateHeat.plate_33x33.c_30_28
O_.POETSHardwareOneBox.ocfg.LoneBox.B01.M33.C2.T00,O_.PlateHeat.plate_33x33.c_7_24
O_.POETSHardwareOneBox.ocfg.LoneBox.B01.M33.C2.T01,O_.PlateHeat.plate_33x33.c_19_10
O_.POETSHardwareOneBox.ocfg.LoneBox.B01.M33.C2.T02,O_.PlateHeat.plate_33x33.c_30_29
O_.POETSHardwareOneBox.ocfg.LoneBox.B01.M33.C3.T00,O_.PlateHeat.plate_33x33.c_7_25
O_.POETSHardwareOneBox.ocfg.LoneBox.B01.M33.C3.T01,O_.PlateHeat.plate_33x33.c_19_11
O_.POETSHardwareOneBox.ocfg.LoneBox.B01.M33.C3.T02,O_.PlateHeat.plate_33x33.c_30_30
O_.POETSHardwareOneBox.ocfg.LoneBox.B11.M00.C0.T00,O_.PlateHeat.plate_33x33.c_7_26
O_.POETSHardwareOneBox.ocfg.LoneBox.B11.M00.C0.T01,O_.PlateHeat.plate_33x33.c_19_12
O_.POETSHardwareOneBox.ocfg.LoneBox.B11.M00.C0.T02,O_.PlateHeat.plate_33x33.c_30_31
O_.POETSHardwareOneBox.ocfg.LoneBox.B11.M00.C1.T00,O_.PlateHeat.plate_33x33.c_7_27
O_.POETSHardwareOneBox.ocfg.LoneBox.B11.M00.C1.T01,O_.PlateHeat.plate_33x33.c_19_13
O_.POETSHardwareOneBox.ocfg.LoneBox.B11.M00.C1.T02,O_.PlateHeat.plate_33x33.c_30_32
O_.POETSHardwareOneBox.ocfg.LoneBox.B11.M00.C2.T00,O_.PlateHeat.plate_33x33.c_7_28
O_.POETSHardwareOneBox.ocfg.LoneBox.B11.M00.C2.T01,O_.PlateHeat.plate_33x33.c_19_14
O_.POETSHardwareOneBox.ocfg.LoneBox.B11.M00.C2.T02,O_.PlateHeat.plate_33x33.c_31_0
O_.POETSHardwareOneBox.ocfg.LoneBox.B11.M00.C3.T00,O_.PlateHeat.plate_33x33.c_7_29
O_.POETSHardwareOneBox.ocfg.LoneBox.B11.M00.C3.T01,O_.PlateHeat.plate_33x33.c_19_15
O_.POETSHardwareOneBox.ocfg.LoneBox.B11.M00.C3.T02,O_.PlateHeat.plate_33x33.c_31_1
O_.POETSHardwareOneBox.ocfg.LoneBox.B11.M01.C0.T00,O_.PlateHeat.plate_33x33.c_7_30
O_.POETSHardwareOneBox.ocfg.LoneBox.B11.M01.C0.T01,O_.PlateHeat.plate_33x33.c_19_16
O_.POETSHardwareOneBox.ocfg.LoneBox.B11.M01.C0.T02,O_.PlateHeat.plate_33x33.c_31_2
O_.POETSHardwareOneBox.ocfg.LoneBox.B11.M01.C1.T00,O_.PlateHeat.plate_33x33.c_7_31
O_.POETSHardwareOneBox.ocfg.LoneBox.B11.M01.C1.T01,O_.PlateHeat.plate_33x33.c_19_17
O_.POETSHardwareOneBox.ocfg.LoneBox.B11.M01.C1.T02,O_.PlateHeat.plate_33x33.c_31_3
O_.POETSHardwareOneBox.ocfg.LoneBox.B11.M01.C2.T00,O_.PlateHeat.plate_33x33.c_7_32
O_.POETSHardwareOneBox.ocfg.LoneBox.B11.M01.C2.T01,O_.PlateHeat.plate_33x33.c_19_18
O_.POETSHardwareOneBox.ocfg.LoneBox.B11.M01.C2.T02,O_.PlateHeat.plate_33x33.c_31_4
O_.POETSHardwareOneBox.ocfg.LoneBox.B11.M01.C3.T00,O_.PlateHeat.plate_33x33.c_8_0
O_.POETSHardwareOneBox.ocfg.LoneBox.B11.M01.C3.T01,O_.PlateHeat.plate_33x33.c_19_19
O_.POETSHardwareOneBox.ocfg.LoneBox.B11.M01.C3.T02,O_.PlateHeat.plate_33x33.c_31_5
O_.POETSHardwareOneBox.ocfg.LoneBox.B11.M02.C0.T00,O_.PlateHeat.plate_33x33.c_8_1
O_.POETSHardwareOneBox.ocfg.LoneBox.B11.M02.C0.T01,O_.PlateHeat.plate_33x33.c_19_20
O_.POETSHardwareOneBox.ocfg.LoneBox.B11.M02.C0.T02,O_.PlateHeat.plate_33x33.c_31_6
O_.POETSHardwareOneBox.ocfg.LoneBox.B11.M02.C1.T00,O_.PlateHeat.plate_33x33.c_8_2
O_.POETSHardwareOneBox.ocfg.LoneBox.B11.M02.C1.T01,O_.PlateHeat.plate_33x33.c_19_21
O_.POETSHardwareOneBox.ocfg.LoneBox.B11.M02.C1.T02,O_.PlateHeat.plate_33x33.c_31_7
O_.POETSHardwareOneBox.ocfg.LoneBox.B11.M02.C2.T00,O_.PlateHeat.plate_33x33.c_8_3
O_.POETSHardwareOneBox.ocfg.LoneBox.B11.M02.C2.T01,O_.PlateHeat.plate_33x33.c_19_22
O_.POETSHardwareOneBox.ocfg.LoneBox.B11.M02.C2.T02,O_.PlateHeat.plate_33x33.c_31_8
O_.POETSHardwareOneBox.ocfg.LoneBox.B11.M02.C3.T00,O_.PlateHeat.plate_33x33.c_8_4
O_.POETSHardwareOneBox.ocfg.LoneBox.B11.M02.C3.T01,O_.PlateHeat.plate_33x33.c_19_23
O_.POETSHardwareOneBox.ocfg.LoneBox.B11.M02.C3.T02,O_.PlateHeat.plate_33x33.c_31_9
O_.POETSHardwareOneBox.ocfg.LoneBox.B11.M03.C0.T00,O_.PlateHeat.plate_33x33.c_8_5
O_.POETSHardwareOneBox.ocfg.LoneBox.B11.M03.C0.T01,O_.PlateHeat.plate_33x33.c_19_24
O_.POETSHardwareOneBox.ocfg.LoneBox.B11.M03.C0.T02,O_.PlateHeat.plate_33x33.c_31_10
O_.POETSHardwareOneBox.ocfg.LoneBox.B11.M03.C1.T00,O_.PlateHeat.plate_33x33.c_8_6
O_.POETSHardwareOneBox.ocfg.LoneBox.B11.M03.C1.T01,O_.PlateHeat.plate_33x33.c_19_25
O_.POETSHardwareOneBox.ocfg.LoneBox.B11.M03.C1.T02,O_.PlateHeat.plate_33x33.c_31_11
O_.POETSHardwareOneBox.ocfg.LoneBox.B11.M03.C2.T00,O_.PlateHeat.plate_33x33.c_8_7
O_.POETSHardwareOneBox.ocfg.LoneBox.B11.M03.C2.T01,O_.PlateHeat.plate_33x33.c_19_26
O_.POETSHardwareOneBox.ocfg.LoneBox.B11.M03.C2.T02,O_.PlateHeat.plate_33x33.c_31_12
O_.POETSHardwareOneBox.ocfg.LoneBox.B11.M03.C3.T00,O_.PlateHeat.plate_33x33.c_8_8
O_.POETSHardwareOneBox.ocfg.LoneBox.B11.M03.C3.T01,O_.PlateHeat.plate_33x33.c_19_27
O_.POETSHardwareOneBox.ocfg.LoneBox.B11.M03.C3.T02,O_.PlateHeat.plate_33x33.c_31_13
O_.POETSHardwareOneBox.ocfg.LoneBox.B11.M10.C0.T00,O_.PlateHeat.plate_33x33.c_8_9
O_.POETSHardwareOneBox.ocfg.LoneBox.B11.M10.C0.T01,O_.PlateHeat.plate_33x33.c_19_28
O_.POETSHardwareOneBox.ocfg.LoneBox.B11.M10.C0.T02,O_.PlateHeat.plate_33x33.c_31_14
O_.POETSHardwareOneBox.ocfg.LoneBox.B11.M10.C1.T00,O_.PlateHeat.plate_33x33.c_8_10
O_.POETSHardwareOneBox.ocfg.LoneBox.B11.M10.C1.T01,O_.PlateHeat.plate_33x33.c_19_29
O_.POETSHardwareOneBox.ocfg.LoneBox.B11.M10.C1.T02,O_.PlateHeat.plate_33x33.c_31_15
O_.POETSHardwareOneBox.ocfg.LoneBox.B11.M10.C2.T00,O_.PlateHeat.plate_33x33.c_8_11
O_.POETSHardwareOneBox.ocfg.LoneBox.B11.M10.C2.T01,O_.PlateHeat.plate_33x33.c_19_30
O_.POETSHardwareOneBox.ocfg.LoneBox.B11.M10.C2.T02,O_.PlateHeat.plate_33x33.c_31_16
O_.POETSHardwareOneBox.ocfg.LoneBox.B11.M10.C3.T00,O_.PlateHeat.plate_33x33.c_8_12
O_.POETSHardwareOneBox.ocfg.LoneBox.B11.M10.C3.T01,O_.PlateHeat.plate_33x33.c_19_31
O_.POETSHardwareOneBox.ocfg.LoneBox.B11.M10.C3.T02,O_.PlateHeat.plate_33x33.c_31_17
O_.POETSHardwareOneBox.ocfg.LoneBox.B11.M11.C0.T00,O_.PlateHeat.plate_33x33.c_8_13
O_.POETSHardwareOneBox.ocfg.LoneBox.B11.M11.C0.T01,O_.PlateHeat.plate_33x33.c_19_32
O_.POETSHardwareOneBox.ocfg.LoneBox.B11.M11.C0.T02,O_.PlateHeat.plate_33x33.c_31_18
O_.POETSHardwareOneBox.ocfg.LoneBox.B11.M11.C1.T00,O_.PlateHeat.plate_33x33.c_8_14
O_.POETSHardwareOneBox.ocfg.LoneBox.B11.M11.C1.T01,O_.PlateHeat.plate_33x33.c_20_0
O_.POETSHardwareOneBox.ocfg.LoneBox.B11.M11.C1.T02,O_.PlateHeat.plate_33x33.c_31_19
O_.POETSHardwareOneBox.ocfg.LoneBox.B11.M11.C2.T00,O_.PlateHeat.plate_33x33.c_8_15
O_.POETSHardwareOneBox.ocfg.LoneBox.B11.M11.C2.T01,O_.PlateHeat.plate_33x33.c_20_1
O_.POETSHardwareOneBox.ocfg.LoneBox.B11.M11.C2.T02,O_.PlateHeat.plate_33x33.c_31_20
O_.POETSHardwareOneBox.ocfg.LoneBox.B11.M11.C3.T00,O_.PlateHeat.plate_33x33.c_8_16
O_.POETSHardwareOneBox.ocfg.LoneBox.B11.M11.C3.T01,O_.PlateHeat.plate_33x33.c_20_2
O_.POETSHardwareOneBox.ocfg.LoneBox.B11.M11.C3.T02,O_.PlateHeat.plate_33x33.c_31_21
O_.POETSHardwareOneBox.ocfg.LoneBox.B11.M12.C0.T00,O_.PlateHeat.plate_33x33.c_8_17
O_.POETSHardwareOneBox.ocfg.LoneBox.B11.M12.C0.T01,O_.PlateHeat.plate_33x33.c_20_3
O_.POETSHardwareOneBox.ocfg.LoneBox.B11.M12.C0.T02,O_.PlateHeat.plate_33x33.c_31_22
O_.POETSHardwareOneBox.ocfg.LoneBox.B11.M12.C1.T00,O_.PlateHeat.plate_33x33.c_8_18
O_.POETSHardwareOneBox.ocfg.LoneBox.B11.M12.C1.T01,O_.PlateHeat.plate_33x33.c_20_4
O_.POETSHardwareOneBox.ocfg.LoneBox.B11.M12.C1.T02,O_.PlateHeat.plate_33x33.c_31_23
O_.POETSHardwareOneBox.ocfg.LoneBox.B11.M12.C2.T00,O_.PlateHeat.plate_33x33.c_8_19
O_.POETSHardwareOneBox.ocfg.LoneBox.B11.M12.C2.T01,O_.PlateHeat.plate_33x33.c_20_5
O_.POETSHardwareOneBox.ocfg.LoneBox.B11.M12.C2.T02,O_.PlateHeat.plate_33x33.c_31_24
O_.POETSHardwareOneBox.ocfg.LoneBox.B11.M12.C3.T00,O_.PlateHeat.plate_33x33.c_8_20
O_.POETSHardwareOneBox.ocfg.LoneBox.B11.M12.C3.T01,O_.PlateHeat.plate_33x33.c_20_6
O_.POETSHardwareOneBox.ocfg.LoneBox.B11.M12.C3.T02,O_.PlateHeat.plate_33x33.c_31_25
O_.POETSHardwareOneBox.ocfg.LoneBox.B11.M13.C0.T00,O_.PlateHeat.plate_33x33.c_8_21
O_.POETSHardwareOneBox.ocfg.LoneBox.B11.M13.C0.T01,O_.PlateHeat.plate_33x33.c_20_7
O_.POETSHardwareOneBox.ocfg.LoneBox.B11.M13.C0.T02,O_.PlateHeat.plate_33x33.c_31_26
O_.POETSHardwareOneBox.ocfg.LoneBox.B11.M13.C1.T00,O_.PlateHeat.plate_33x33.c_8_22
O_.POETSHardwareOneBox.ocfg.LoneBox.B11.M13.C1.T01,O_.PlateHeat.plate_33x33.c_20_8
O_.POETSHardwareOneBox.ocfg.LoneBox.B11.M13.C1.T02,O_.PlateHeat.plate_33x33.c_31_27
O_.POETSHardwareOneBox.ocfg.LoneBox.B11.M13.C2.T00,O_.PlateHeat.plate_33x33.c_8_23
O_.POETSHardwareOneBox.ocfg.LoneBox.B11.M13.C2.T01,O_.PlateHeat.plate_33x33.c_20_9
O_.POETSHardwareOneBox.ocfg.LoneBox.B11.M13.C2.T02,O_.PlateHeat.plate_33x33.c_31_28
O_.POETSHardwareOneBox.ocfg.LoneBox.B11.M13.C3.T00,O_.PlateHeat.plate_33x33.c_8_24
O_.POETSHardwareOneBox.ocfg.LoneBox.B11.M13.C3.T01,O_.PlateHeat.plate_33x33.c_20_10
O_.POETSHardwareOneBox.ocfg.LoneBox.B11.M13.C3.T02,O_.PlateHeat.plate_33x33.c_31_29
O_.POETSHardwareOneBox.ocfg.LoneBox.B11.M20.C0.T00,O_.PlateHeat.plate_33x33.c_8_25
O_.POETSHardwareOneBox.ocfg.LoneBox.B11.M20.C0.T01,O_.PlateHeat.plate_33x33.c_20_11
O_.POETSHardwareOneBox.ocfg.LoneBox.B11.M20.C0.T02,O_.PlateHeat.plate_33x33.c_31_30
O_.POETSHardwareOneBox.ocfg.LoneBox.B11.M20.C1.T00,O_.PlateHeat.plate_33x33.c_8_26
O_.POETSHardwareOneBox.ocfg.LoneBox.B11.M20.C1.T01,O_.PlateHeat.plate_33x33.c_20_12
O_.POETSHardwareOneBox.ocfg.LoneBox.B11.M20.C1.T02,O_.PlateHeat.plate_33x33.c_31_31
O_.POETSHardwareOneBox.ocfg.LoneBox.B11.M20.C2.T00,O_.PlateHeat.plate_33x33.c_8_27
O_.POETSHardwareOneBox.ocfg.LoneBox.B11.M20.C2.T01,O_.PlateHeat.plate_33x33.c_20_13
O_.POETSHardwareOneBox.ocfg.LoneBox.B11.M20.C2.T02,O_.PlateHeat.plate_33x33.c_31_32
O_.POETSHardwareOneBox.ocfg.LoneBox.B11.M20.C3.T00,O_.PlateHeat.plate_33x33.c_8_28
O_.POETSHardwareOneBox.ocfg.LoneBox.B11.M20.C3.T01,O_.PlateHeat.plate_33x33.c_20_14
O_.POETSHardwareOneBox.ocfg.LoneBox.B11.M20.C3.T02,O_.PlateHeat.plate_33x33.c_32_0
O_.POETSHardwareOneBox.ocfg.LoneBox.B11.M21.C0.T00,O_.PlateHeat.plate_33x33.c_8_29
O_.POETSHardwareOneBox.ocfg.LoneBox.B11.M21.C0.T01,O_.PlateHeat.plate_33x33.c_20_15
O_.POETSHardwareOneBox.ocfg.LoneBox.B11.M21.C0.T02,O_.PlateHeat.plate_33x33.c_32_1
O_.POETSHardwareOneBox.ocfg.LoneBox.B11.M21.C1.T00,O_.PlateHeat.plate_33x33.c_8_30
O_.POETSHardwareOneBox.ocfg.LoneBox.B11.M21.C1.T01,O_.PlateHeat.plate_33x33.c_20_16
O_.POETSHardwareOneBox.ocfg.LoneBox.B11.M21.C1.T02,O_.PlateHeat.plate_33x33.c_32_2
O_.POETSHardwareOneBox.ocfg.LoneBox.B11.M21.C2.T00,O_.PlateHeat.plate_33x33.c_8_31
O_.POETSHardwareOneBox.ocfg.LoneBox.B11.M21.C2.T01,O_.PlateHeat.plate_33x33.c_20_17
O_.POETSHardwareOneBox.ocfg.LoneBox.B11.M21.C2.T02,O_.PlateHeat.plate_33x33.c_32_3
O_.POETSHardwareOneBox.ocfg.LoneBox.B11.M21.C3.T00,O_.PlateHeat.plate_33x33.c_8_32
O_.POETSHardwareOneBox.ocfg.LoneBox.B11.M21.C3.T01,O_.PlateHeat.plate_33x33.c_20_18
O_.POETSHardwareOneBox.ocfg.LoneBox.B11.M21.C3.T02,O_.PlateHeat.plate_33x33.c_32_4
O_.POETSHardwareOneBox.ocfg.LoneBox.B11.M22.C0.T00,O_.PlateHeat.plate_33x33.c_9_0
O_.POETSHardwareOneBox.ocfg.LoneBox.B11.M22.C0.T01,O_.PlateHeat.plate_33x33.c_20_19
O_.POETSHardwareOneBox.ocfg.LoneBox.B11.M22.C0.T02,O_.PlateHeat.plate_33x33.c_32_5
O_.POETSHardwareOneBox.ocfg.LoneBox.B11.M22.C1.T00,O_.PlateHeat.plate_33x33.c_9_1
O_.POETSHardwareOneBox.ocfg.LoneBox.B11.M22.C1.T01,O_.PlateHeat.plate_33x33.c_20_20
O_.POETSHardwareOneBox.ocfg.LoneBox.B11.M22.C1.T02,O_.PlateHeat.plate_33x33.c_32_6
O_.POETSHardwareOneBox.ocfg.LoneBox.B11.M22.C2.T00,O_.PlateHeat.plate_33x33.c_9_2
O_.POETSHardwareOneBox.ocfg.LoneBox.B11.M22.C2.T01,O_.PlateHeat.plate_33x33.c_20_21
O_.POETSHardwareOneBox.ocfg.LoneBox.B11.M22.C2.T02,O_.PlateHeat.plate_33x33.c_32_7
O_.POETSHardwareOneBox.ocfg.LoneBox.B11.M22.C3.T00,O_.PlateHeat.plate_33x33.c_9_3
O_.POETSHardwareOneBox.ocfg.LoneBox.B11.M22.C3.T01,O_.PlateHeat.plate_33x33.c_20_22
O_.POETSHardwareOneBox.ocfg.LoneBox.B11.M22.C3.T02,O_.PlateHeat.plate_33x33.c_32_8
O_.POETSHardwareOneBox.ocfg.LoneBox.B11.M23.C0.T00,O_.PlateHeat.plate_33x33.c_9_4
O_.POETSHardwareOneBox.ocfg.LoneBox.B11.M23.C0.T01,O_.PlateHeat.plate_33x33.c_20_23
O_.POETSHardwareOneBox.ocfg.LoneBox.B11.M23.C0.T02,O_.PlateHeat.plate_33x33.c_32_9
O_.POETSHardwareOneBox.ocfg.LoneBox.B11.M23.C1.T00,O_.PlateHeat.plate_33x33.c_9_5
O_.POETSHardwareOneBox.ocfg.LoneBox.B11.M23.C1.T01,O_.PlateHeat.plate_33x33.c_20_24
O_.POETSHardwareOneBox.ocfg.LoneBox.B11.M23.C1.T02,O_.PlateHeat.plate_33x33.c_32_10
O_.POETSHardwareOneBox.ocfg.LoneBox.B11.M23.C2.T00,O_.PlateHeat.plate_33x33.c_9_6
O_.POETSHardwareOneBox.ocfg.LoneBox.B11.M23.C2.T01,O_.PlateHeat.plate_33x33.c_20_25
O_.POETSHardwareOneBox.ocfg.LoneBox.B11.M23.C2.T02,O_.PlateHeat.plate_33x33.c_32_11
O_.POETSHardwareOneBox.ocfg.LoneBox.B11.M23.C3.T00,O_.PlateHeat.plate_33x33.c_9_7
O_.POETSHardwareOneBox.ocfg.LoneBox.B11.M23.C3.T01,O_.PlateHeat.plate_33x33.c_20_26
O_.POETSHardwareOneBox.ocfg.LoneBox.B11.M23.C3.T02,O_.PlateHeat.plate_33x33.c_32_12
O_.POETSHardwareOneBox.ocfg.LoneBox.B11.M30.C0.T00,O_.PlateHeat.plate_33x33.c_9_8
O_.POETSHardwareOneBox.ocfg.LoneBox.B11.M30.C0.T01,O_.PlateHeat.plate_33x33.c_20_27
O_.POETSHardwareOneBox.ocfg.LoneBox.B11.M30.C0.T02,O_.PlateHeat.plate_33x33.c_32_13
O_.POETSHardwareOneBox.ocfg.LoneBox.B11.M30.C1.T00,O_.PlateHeat.plate_33x33.c_9_9
O_.POETSHardwareOneBox.ocfg.LoneBox.B11.M30.C1.T01,O_.PlateHeat.plate_33x33.c_20_28
O_.POETSHardwareOneBox.ocfg.LoneBox.B11.M30.C1.T02,O_.PlateHeat.plate_33x33.c_32_14
O_.POETSHardwareOneBox.ocfg.LoneBox.B11.M30.C2.T00,O_.PlateHeat.plate_33x33.c_9_10
O_.POETSHardwareOneBox.ocfg.LoneBox.B11.M30.C2.T01,O_.PlateHeat.plate_33x33.c_20_29
O_.POETSHardwareOneBox.ocfg.LoneBox.B11.M30.C2.T02,O_.PlateHeat.plate_33x33.c_32_15
O_.POETSHardwareOneBox.ocfg.LoneBox.B11.M30.C3.T00,O_.PlateHeat.plate_33x33.c_9_11
O_.POETSHardwareOneBox.ocfg.LoneBox.B11.M30.C3.T01,O_.PlateHeat.plate_33x33.c_20_30
O_.POETSHardwareOneBox.ocfg.LoneBox.B11.M30.C3.T02,O_.PlateHeat.plate_33x33.c_32_16
O_.POETSHardwareOneBox.ocfg.LoneBox.B11.M31.C0.T00,O_.PlateHeat.plate_33x33.c_9_12
O_.POETSHardwareOneBox.ocfg.LoneBox.B11.M31.C0.T01,O_.PlateHeat.plate_33x33.c_20_31
O_.POETSHardwareOneBox.ocfg.LoneBox.B11.M31.C0.T02,O_.PlateHeat.plate_33x33.c_32_17
O_.POETSHardwareOneBox.ocfg.LoneBox.B11.M31.C1.T00,O_.PlateHeat.plate_33x33.c_9_13
O_.POETSHardwareOneBox.ocfg.LoneBox.B11.M31.C1.T01,O_.PlateHeat.plate_33x33.c_20_32
O_.POETSHardwareOneBox.ocfg.LoneBox.B11.M31.C1.T02,O_.PlateHeat.plate_33x33.c_32_18
O_.POETSHardwareOneBox.ocfg.LoneBox.B11.M31.C2.T00,O_.PlateHeat.plate_33x33.c_9_14
O_.POETSHardwareOneBox.ocfg.LoneBox.B11.M31.C2.T01,O_.PlateHeat.plate_33x33.c_21_0
O_.POETSHardwareOneBox.ocfg.LoneBox.B11.M31.C2.T02,O_.PlateHeat.plate_33x33.c_32_19
O_.POETSHardwareOneBox.ocfg.LoneBox.B11.M31.C3.T00,O_.PlateHeat.plate_33x33.c_9_15
O_.POETSHardwareOneBox.ocfg.LoneBox.B11.M31.C3.T01,O_.PlateHeat.plate_33x33.c_21_1
O_.POETSHardwareOneBox.ocfg.LoneBox.B11.M31.C3.T02,O_.PlateHeat.plate_33x33.c_32_20
O_.POETSHardwareOneBox.ocfg.LoneBox.B11.M32.C0.T00,O_.PlateHeat.plate_33x33.c_9_16
O_.POETSHardwareOneBox.ocfg.LoneBox.B11.M32.C0.T01,O_.PlateHeat.plate_33x33.c_21_2
O_.POETSHardwareOneBox.ocfg.LoneBox.B11.M32.C0.T02,O_.PlateHeat.plate_33x33.c_32_21
O_.POETSHardwareOneBox.ocfg.LoneBox.B11.M32.C1.T00,O_.PlateHeat.plate_33x33.c_9_17
O_.POETSHardwareOneBox.ocfg.LoneBox.B11.M32.C1.T01,O_.PlateHeat.plate_33x33.c_21_3
O_.POETSHardwareOneBox.ocfg.LoneBox.B11.M32.C1.T02,O_.PlateHeat.plate_33x33.c_32_22
O_.POETSHardwareOneBox.ocfg.LoneBox.B11.M32.C2.T00,O_.PlateHeat.plate_33x33.c_9_18
O_.POETSHardwareOneBox.ocfg.LoneBox.B11.M32.C2.T01,O_.PlateHeat.plate_33x33.c_21_4
O_.POETSHardwareOneBox.ocfg.LoneBox.B11.M32.C2.T02,O_.PlateHeat.plate_33x33.c_32_23
O_.POETSHardwareOneBox.ocfg.LoneBox.B11.M32.C3.T00,O_.PlateHeat.plate_33x33.c_9_19
O_.POETSHardwareOneBox.ocfg.LoneBox.B11.M32.C3.T01,O_.PlateHeat.plate_33x33.c_21_5
O_.POETSHardwareOneBox.ocfg.LoneBox.B11.M32.C3.T02,O_.PlateHeat.plate_33x33.c_32_24
O_.POETSHardwareOneBox.ocfg.LoneBox.B11.M33.C0.T00,O_.PlateHeat.plate_33x33.c_9_20
O_.POETSHardwareOneBox.ocfg.LoneBox.B11.M33.C0.T01,O_.PlateHeat.plate_33x33.c_21_6
O_.POETSHardwareOneBox.ocfg.LoneBox.B11.M33.C0.T02,O_.PlateHeat.plate_33x33.c_32_25
O_.POETSHardwareOneBox.ocfg.LoneBox.B11.M33.C1.T00,O_.PlateHeat.plate_33x33.c_9_21
O_.POETSHardwareOneBox.ocfg.LoneBox.B11.M33.C1.T01,O_.PlateHeat.plate_33x33.c_21_7
O_.POETSHardwareOneBox.ocfg.LoneBox.B11.M33.C1.T02,O_.PlateHeat.plate_33x33.c_32_26
O_.POETSHardwareOneBox.ocfg.LoneBox.B11.M33.C2.T00,O_.PlateHeat.plate_33x33.c_9_22
O_.POETSHardwareOneBox.ocfg.LoneBox.B11.M33.C2.T01,O_.PlateHeat.plate_33x33.c_21_8
O_.POETSHardwareOneBox.ocfg.LoneBox.B11.M33.C2.T02,O_.PlateHeat.plate_33x33.c_32_27
O_.POETSHardwareOneBox.ocfg.LoneBox.B11.M33.C3.T00,O_.PlateHeat.plate_33x33.c_9_23
O_.POETSHardwareOneBox.ocfg.LoneBox.B11.M33.C3.T01,O_.PlateHeat.plate_33x33.c_21_9
O_.POETSHardwareOneBox.ocfg.LoneBox.B11.M33.C3.T02,O_.PlateHeat.plate_33x33.c_32_28
O_.POETSHardwareOneBox.ocfg.LoneBox.B21.M00.C0.T00,O_.PlateHeat.plate_33x33.c_9_24
O_.POETSHardwareOneBox.ocfg.LoneBox.B21.M00.C0.T01,O_.PlateHeat.plate_33x33.c_21_10
O_.POETSHardwareOneBox.ocfg.LoneBox.B21.M00.C0.T02,O_.PlateHeat.plate_33x33.c_32_29
O_.POETSHardwareOneBox.ocfg.LoneBox.B21.M00.C1.T00,O_.PlateHeat.plate_33x33.c_9_25
O_.POETSHardwareOneBox.ocfg.LoneBox.B21.M00.C1.T01,O_.PlateHeat.plate_33x33.c_21_11
O_.POETSHardwareOneBox.ocfg.LoneBox.B21.M00.C1.T02,O_.PlateHeat.plate_33x33.c_32_30
O_.POETSHardwareOneBox.ocfg.LoneBox.B21.M00.C2.T00,O_.PlateHeat.plate_33x33.c_9_26
O_.POETSHardwareOneBox.ocfg.LoneBox.B21.M00.C2.T01,O_.PlateHeat.plate_33x33.c_21_12
O_.POETSHardwareOneBox.ocfg.LoneBox.B21.M00.C2.T02,O_.PlateHeat.plate_33x33.c_32_31
O_.POETSHardwareOneBox.ocfg.LoneBox.B21.M00.C3.T00,O_.PlateHeat.plate_33x33.c_9_27
O_.POETSHardwareOneBox.ocfg.LoneBox.B21.M00.C3.T01,O_.PlateHeat.plate_33x33.c_21_13
O_.POETSHardwareOneBox.ocfg.LoneBox.B21.M01.C0.T00,O_.PlateHeat.plate_33x33.c_9_28
O_.POETSHardwareOneBox.ocfg.LoneBox.B21.M01.C0.T01,O_.PlateHeat.plate_33x33.c_21_14
O_.POETSHardwareOneBox.ocfg.LoneBox.B21.M01.C1.T00,O_.PlateHeat.plate_33x33.c_9_29
O_.POETSHardwareOneBox.ocfg.LoneBox.B21.M01.C1.T01,O_.PlateHeat.plate_33x33.c_21_15
O_.POETSHardwareOneBox.ocfg.LoneBox.B21.M01.C2.T00,O_.PlateHeat.plate_33x33.c_9_30
O_.POETSHardwareOneBox.ocfg.LoneBox.B21.M01.C2.T01,O_.PlateHeat.plate_33x33.c_21_16
O_.POETSHardwareOneBox.ocfg.LoneBox.B21.M01.C3.T00,O_.PlateHeat.plate_33x33.c_9_31
O_.POETSHardwareOneBox.ocfg.LoneBox.B21.M01.C3.T01,O_.PlateHeat.plate_33x33.c_21_17
O_.POETSHardwareOneBox.ocfg.LoneBox.B21.M02.C0.T00,O_.PlateHeat.plate_33x33.c_9_32
O_.POETSHardwareOneBox.ocfg.LoneBox.B21.M02.C0.T01,O_.PlateHeat.plate_33x33.c_21_18
O_.POETSHardwareOneBox.ocfg.LoneBox.B21.M02.C1.T00,O_.PlateHeat.plate_33x33.c_10_0
O_.POETSHardwareOneBox.ocfg.LoneBox.B21.M02.C1.T01,O_.PlateHeat.plate_33x33.c_21_19
O_.POETSHardwareOneBox.ocfg.LoneBox.B21.M02.C2.T00,O_.PlateHeat.plate_33x33.c_10_1
O_.POETSHardwareOneBox.ocfg.LoneBox.B21.M02.C2.T01,O_.PlateHeat.plate_33x33.c_21_20
O_.POETSHardwareOneBox.ocfg.LoneBox.B21.M02.C3.T00,O_.PlateHeat.plate_33x33.c_10_2
O_.POETSHardwareOneBox.ocfg.LoneBox.B21.M02.C3.T01,O_.PlateHeat.plate_33x33.c_21_21
O_.POETSHardwareOneBox.ocfg.LoneBox.B21.M03.C0.T00,O_.PlateHeat.plate_33x33.c_10_3
O_.POETSHardwareOneBox.ocfg.LoneBox.B21.M03.C0.T01,O_.PlateHeat.plate_33x33.c_21_22
O_.POETSHardwareOneBox.ocfg.LoneBox.B21.M03.C1.T00,O_.PlateHeat.plate_33x33.c_10_4
O_.POETSHardwareOneBox.ocfg.LoneBox.B21.M03.C1.T01,O_.PlateHeat.plate_33x33.c_21_23
O_.POETSHardwareOneBox.ocfg.LoneBox.B21.M03.C2.T00,O_.PlateHeat.plate_33x33.c_10_5
O_.POETSHardwareOneBox.ocfg.LoneBox.B21.M03.C2.T01,O_.PlateHeat.plate_33x33.c_21_24
O_.POETSHardwareOneBox.ocfg.LoneBox.B21.M03.C3.T00,O_.PlateHeat.plate_33x33.c_10_6
O_.POETSHardwareOneBox.ocfg.LoneBox.B21.M03.C3.T01,O_.PlateHeat.plate_33x33.c_21_25
O_.POETSHardwareOneBox.ocfg.LoneBox.B21.M10.C0.T00,O_.PlateHeat.plate_33x33.c_10_7
O_.POETSHardwareOneBox.ocfg.LoneBox.B21.M10.C0.T01,O_.PlateHeat.plate_33x33.c_21_26
O_.POETSHardwareOneBox.ocfg.LoneBox.B21.M10.C1.T00,O_.PlateHeat.plate_33x33.c_10_8
O_.POETSHardwareOneBox.ocfg.LoneBox.B21.M10.C1.T01,O_.PlateHeat.plate_33x33.c_21_27
O_.POETSHardwareOneBox.ocfg.LoneBox.B21.M10.C2.T00,O_.PlateHeat.plate_33x33.c_10_9
O_.POETSHardwareOneBox.ocfg.LoneBox.B21.M10.C2.T01,O_.PlateHeat.plate_33x33.c_21_28
O_.POETSHardwareOneBox.ocfg.LoneBox.B21.M10.C3.T00,O_.PlateHeat.plate_33x33.c_10_10
O_.POETSHardwareOneBox.ocfg.LoneBox.B21.M10.C3.T01,O_.PlateHeat.plate_33x33.c_21_29
O_.POETSHardwareOneBox.ocfg.LoneBox.B21.M11.C0.T00,O_.PlateHeat.plate_33x33.c_10_11
O_.POETSHardwareOneBox.ocfg.LoneBox.B21.M11.C0.T01,O_.PlateHeat.plate_33x33.c_21_30
O_.POETSHardwareOneBox.ocfg.LoneBox.B21.M11.C1.T00,O_.PlateHeat.plate_33x33.c_10_12
O_.POETSHardwareOneBox.ocfg.LoneBox.B21.M11.C1.T01,O_.PlateHeat.plate_33x33.c_21_31
O_.POETSHardwareOneBox.ocfg.LoneBox.B21.M11.C2.T00,O_.PlateHeat.plate_33x33.c_10_13
O_.POETSHardwareOneBox.ocfg.LoneBox.B21.M11.C2.T01,O_.PlateHeat.plate_33x33.c_21_32
O_.POETSHardwareOneBox.ocfg.LoneBox.B21.M11.C3.T00,O_.PlateHeat.plate_33x33.c_10_14
O_.POETSHardwareOneBox.ocfg.LoneBox.B21.M11.C3.T01,O_.PlateHeat.plate_33x33.c_22_0
O_.POETSHardwareOneBox.ocfg.LoneBox.B21.M12.C0.T00,O_.PlateHeat.plate_33x33.c_10_15
O_.POETSHardwareOneBox.ocfg.LoneBox.B21.M12.C0.T01,O_.PlateHeat.plate_33x33.c_22_1
O_.POETSHardwareOneBox.ocfg.LoneBox.B21.M12.C1.T00,O_.PlateHeat.plate_33x33.c_10_16
O_.POETSHardwareOneBox.ocfg.LoneBox.B21.M12.C1.T01,O_.PlateHeat.plate_33x33.c_22_2
O_.POETSHardwareOneBox.ocfg.LoneBox.B21.M12.C2.T00,O_.PlateHeat.plate_33x33.c_10_17
O_.POETSHardwareOneBox.ocfg.LoneBox.B21.M12.C2.T01,O_.PlateHeat.plate_33x33.c_22_3
O_.POETSHardwareOneBox.ocfg.LoneBox.B21.M12.C3.T00,O_.PlateHeat.plate_33x33.c_10_18
O_.POETSHardwareOneBox.ocfg.LoneBox.B21.M12.C3.T01,O_.PlateHeat.plate_33x33.c_22_4
O_.POETSHardwareOneBox.ocfg.LoneBox.B21.M13.C0.T00,O_.PlateHeat.plate_33x33.c_10_19
O_.POETSHardwareOneBox.ocfg.LoneBox.B21.M13.C0.T01,O_.PlateHeat.plate_33x33.c_22_5
O_.POETSHardwareOneBox.ocfg.LoneBox.B21.M13.C1.T00,O_.PlateHeat.plate_33x33.c_10_20
O_.POETSHardwareOneBox.ocfg.LoneBox.B21.M13.C1.T01,O_.PlateHeat.plate_33x33.c_22_6
O_.POETSHardwareOneBox.ocfg.LoneBox.B21.M13.C2.T00,O_.PlateHeat.plate_33x33.c_10_21
O_.POETSHardwareOneBox.ocfg.LoneBox.B21.M13.C2.T01,O_.PlateHeat.plate_33x33.c_22_7
O_.POETSHardwareOneBox.ocfg.LoneBox.B21.M13.C3.T00,O_.PlateHeat.plate_33x33.c_10_22
O_.POETSHardwareOneBox.ocfg.LoneBox.B21.M13.C3.T01,O_.PlateHeat.plate_33x33.c_22_8
O_.POETSHardwareOneBox.ocfg.LoneBox.B21.M20.C0.T00,O_.PlateHeat.plate_33x33.c_10_23
O_.POETSHardwareOneBox.ocfg.LoneBox.B21.M20.C0.T01,O_.PlateHeat.plate_33x33.c_22_9
O_.POETSHardwareOneBox.ocfg.LoneBox.B21.M20.C1.T00,O_.PlateHeat.plate_33x33.c_10_24
O_.POETSHardwareOneBox.ocfg.LoneBox.B21.M20.C1.T01,O_.PlateHeat.plate_33x33.c_22_10
O_.POETSHardwareOneBox.ocfg.LoneBox.B21.M20.C2.T00,O_.PlateHeat.plate_33x33.c_10_25
O_.POETSHardwareOneBox.ocfg.LoneBox.B21.M20.C2.T01,O_.PlateHeat.plate_33x33.c_22_11
O_.POETSHardwareOneBox.ocfg.LoneBox.B21.M20.C3.T00,O_.PlateHeat.plate_33x33.c_10_26
O_.POETSHardwareOneBox.ocfg.LoneBox.B21.M20.C3.T01,O_.PlateHeat.plate_33x33.c_22_12
O_.POETSHardwareOneBox.ocfg.LoneBox.B21.M21.C0.T00,O_.PlateHeat.plate_33x33.c_10_27
O_.POETSHardwareOneBox.ocfg.LoneBox.B21.M21.C0.T01,O_.PlateHeat.plate_33x33.c_22_13
O_.POETSHardwareOneBox.ocfg.LoneBox.B21.M21.C1.T00,O_.PlateHeat.plate_33x33.c_10_28
O_.POETSHardwareOneBox.ocfg.LoneBox.B21.M21.C1.T01,O_.PlateHeat.plate_33x33.c_22_14
O_.POETSHardwareOneBox.ocfg.LoneBox.B21.M21.C2.T00,O_.PlateHeat.plate_33x33.c_10_29
O_.POETSHardwareOneBox.ocfg.LoneBox.B21.M21.C2.T01,O_.PlateHeat.plate_33x33.c_22_15
O_.POETSHardwareOneBox.ocfg.LoneBox.B21.M21.C3.T00,O_.PlateHeat.plate_33x33.c_10_30
O_.POETSHardwareOneBox.ocfg.LoneBox.B21.M21.C3.T01,O_.PlateHeat.plate_33x33.c_22_16
O_.POETSHardwareOneBox.ocfg.LoneBox.B21.M22.C0.T00,O_.PlateHeat.plate_33x33.c_10_31
O_.POETSHardwareOneBox.ocfg.LoneBox.B21.M22.C0.T01,O_.PlateHeat.plate_33x33.c_22_17
O_.POETSHardwareOneBox.ocfg.LoneBox.B21.M22.C1.T00,O_.PlateHeat.plate_33x33.c_10_32
O_.POETSHardwareOneBox.ocfg.LoneBox.B21.M22.C1.T01,O_.PlateHeat.plate_33x33.c_22_18
O_.POETSHardwareOneBox.ocfg.LoneBox.B21.M22.C2.T00,O_.PlateHeat.plate_33x33.c_11_0
O_.POETSHardwareOneBox.ocfg.LoneBox.B21.M22.C2.T01,O_.PlateHeat.plate_33x33.c_22_19
O_.POETSHardwareOneBox.ocfg.LoneBox.B21.M22.C3.T00,O_.PlateHeat.plate_33x33.c_11_1
O_.POETSHardwareOneBox.ocfg.LoneBox.B21.M22.C3.T01,O_.PlateHeat.plate_33x33.c_22_20
O_.POETSHardwareOneBox.ocfg.LoneBox.B21.M23.C0.T00,O_.PlateHeat.plate_33x33.c_11_2
O_.POETSHardwareOneBox.ocfg.LoneBox.B21.M23.C0.T01,O_.PlateHeat.plate_33x33.c_22_21
O_.POETSHardwareOneBox.ocfg.LoneBox.B21.M23.C1.T00,O_.PlateHeat.plate_33x33.c_11_3
O_.POETSHardwareOneBox.ocfg.LoneBox.B21.M23.C1.T01,O_.PlateHeat.plate_33x33.c_22_22
O_.POETSHardwareOneBox.ocfg.LoneBox.B21.M23.C2.T00,O_.PlateHeat.plate_33x33.c_11_4
O_.POETSHardwareOneBox.ocfg.LoneBox.B21.M23.C2.T01,O_.PlateHeat.plate_33x33.c_22_23
O_.POETSHardwareOneBox.ocfg.LoneBox.B21.M23.C3.T00,O_.PlateHeat.plate_33x33.c_11_5
O_.POETSHardwareOneBox.ocfg.LoneBox.B21.M23.C3.T01,O_.PlateHeat.plate_33x33.c_22_24
O_.POETSHardwareOneBox.ocfg.LoneBox.B21.M30.C0.T00,O_.PlateHeat.plate_33x33.c_11_6
O_.POETSHardwareOneBox.ocfg.LoneBox.B21.M30.C0.T01,O_.PlateHeat.plate_33x33.c_22_25
O_.POETSHardwareOneBox.ocfg.LoneBox.B21.M30.C1.T00,O_.PlateHeat.plate_33x33.c_11_7
O_.POETSHardwareOneBox.ocfg.LoneBox.B21.M30.C1.T01,O_.PlateHeat.plate_33x33.c_22_26
O_.POETSHardwareOneBox.ocfg.LoneBox.B21.M30.C2.T00,O_.PlateHeat.plate_33x33.c_11_8
O_.POETSHardwareOneBox.ocfg.LoneBox.B21.M30.C2.T01,O_.PlateHeat.plate_33x33.c_22_27
O_.POETSHardwareOneBox.ocfg.LoneBox.B21.M30.C3.T00,O_.PlateHeat.plate_33x33.c_11_9
O_.POETSHardwareOneBox.ocfg.LoneBox.B21.M30.C3.T01,O_.PlateHeat.plate_33x33.c_22_28
O_.POETSHardwareOneBox.ocfg.LoneBox.B21.M31.C0.T00,O_.PlateHeat.plate_33x33.c_11_10
O_.POETSHardwareOneBox.ocfg.LoneBox.B21.M31.C0.T01,O_.PlateHeat.plate_33x33.c_22_29
O_.POETSHardwareOneBox.ocfg.LoneBox.B21.M31.C1.T00,O_.PlateHeat.plate_33x33.c_11_11
O_.POETSHardwareOneBox.ocfg.LoneBox.B21.M31.C1.T01,O_.PlateHeat.plate_33x33.c_22_30
O_.POETSHardwareOneBox.ocfg.LoneBox.B21.M31.C2.T00,O_.PlateHeat.plate_33x33.c_11_12
O_.POETSHardwareOneBox.ocfg.LoneBox.B21.M31.C2.T01,O_.PlateHeat.plate_33x33.c_22_31
O_.POETSHardwareOneBox.ocfg.LoneBox.B21.M31.C3.T00,O_.PlateHeat.plate_33x33.c_11_13
O_.POETSHardwareOneBox.ocfg.LoneBox.B21.M31.C3.T01,O_.PlateHeat.plate_33x33.c_22_32
O_.POETSHardwareOneBox.ocfg.LoneBox.B21.M32.C0.T00,O_.PlateHeat.plate_33x33.c_11_14
O_.POETSHardwareOneBox.ocfg.LoneBox.B21.M32.C0.T01,O_.PlateHeat.plate_33x33.c_23_0
O_.POETSHardwareOneBox.ocfg.LoneBox.B21.M32.C1.T00,O_.PlateHeat.plate_33x33.c_11_15
O_.POETSHardwareOneBox.ocfg.LoneBox.B21.M32.C1.T01,O_.PlateHeat.plate_33x33.c_23_1
O_.POETSHardwareOneBox.ocfg.LoneBox.B21.M32.C2.T00,O_.PlateHeat.plate_33x33.c_11_16
O_.POETSHardwareOneBox.ocfg.LoneBox.B21.M32.C2.T01,O_.PlateHeat.plate_33x33.c_23_2
O_.POETSHardwareOneBox.ocfg.LoneBox.B21.M32.C3.T00,O_.PlateHeat.plate_33x33.c_11_17
O_.POETSHardwareOneBox.ocfg.LoneBox.B21.M32.C3.T01,O_.PlateHeat.plate_33x33.c_23_3
O_.POETSHardwareOneBox.ocfg.LoneBox.B21.M33.C0.T00,O_.PlateHeat.plate_33x33.c_11_18
O_.POETSHardwareOneBox.ocfg.LoneBox.B21.M33.C0.T01,O_.PlateHeat.plate_33x33.c_23_4
O_.POETSHardwareOneBox.ocfg.LoneBox.B21.M33.C1.T00,O_.PlateHeat.plate_33x33.c_11_19
O_.POETSHardwareOneBox.ocfg.LoneBox.B21.M33.C1.T01,O_.PlateHeat.plate_33x33.c_23_5
O_.POETSHardwareOneBox.ocfg.LoneBox.B21.M33.C2.T00,O_.PlateHeat.plate_33x33.c_0_0
O_.POETSHardwareOneBox.ocfg.LoneBox.B21.M33.C3.T00,O_.PlateHeat.plate_33x33.c_32_32
